id,ชุด,type,correct,เหตุผล,ธง,บรรทัดคำตอบในเฉลย (200 ตัว)
alvl1-2566-03-q23,alvl1-2566-03,mc,0,บรรทัดคำตอบไม่ระบุเลขตัวเลือก,🟠 ตรวจด้วยตา,✅ คำตอบ: $f'(x)=h(x)$
alvl1-2567-03-q04,alvl1-2567-03,mc,2,บรรทัดคำตอบไม่ระบุเลขตัวเลือก,🟠 ตรวจด้วยตา,✅ คำตอบ: $\dfrac{\pi}{3} 
chap-01-set-q34,chap-01-set,mc,3,บรรทัดคำตอบไม่ระบุเลขตัวเลือก,🟠 ตรวจด้วยตา,✅ คำตอบ:
chap-01-set-q39,chap-01-set,mc,0,บรรทัดคำตอบไม่ระบุเลขตัวเลือก,🟠 ตรวจด้วยตา,✅ คำตอบ: $x = 20$ ซึ่งอยู่ในช่วง $18 \leq x 
chap-01-set-q60,chap-01-set,fill,{8},ไม่พบค่า {8} ในบรรทัดคำตอบ,🟠 ตรวจด้วยตา,✅ คำตอบ: $(A \cup C)' \cap B = \{8\}$
chap-01-set-q61,chap-01-set,fill,"$\{\varnothing,\ \{\varnothing\},\ \{\{\varnothing\}\},\ \{\varnothing,\ \{\varnothing\}\}\}$","ไม่พบค่า $\{\varnothing,\ \{\varnothing\},\ \{\{\varnothing\}\},\ \{\varnothing,\ \{\varnothing\}\}\}$ ในบรรทัดคำตอบ",🟠 ตรวจด้วยตา,"✅ คำตอบ: $(C \cup D) \cap (D - A) = \{\varnothing,\ \{\varnothing\},\ \{\{\varnothing\}\},\ \{\varnothing, \{\varnothing\}\}\}$"
chap-02-logic-q01,chap-02-logic,mc,3,บรรทัดคำตอบไม่ระบุเลขตัวเลือก,🟠 ตรวจด้วยตา,✅ คำตอบ:
chap-02-logic-q02,chap-02-logic,mc,2,บรรทัดคำตอบไม่ระบุเลขตัวเลือก,🟠 ตรวจด้วยตา,✅ คำตอบ:
chap-02-logic-q102,chap-02-logic,fill,"~f, b","ไม่พบค่า ~f, b ในบรรทัดคำตอบ",🟠 ตรวจด้วยตา,"✅ คำตอบ: $\sim f$, $b$ (เหตุที่ 4 = $\sim f$, เหตุที่ 5 = $b$)"
chap-02-logic-q119,chap-02-logic,fill,essay,ไม่พบค่า essay ในบรรทัดคำตอบ,🟠 ตรวจด้วยตา,✅ คำตอบ:
chap-02-logic-q51,chap-02-logic,mc,3,บรรทัดคำตอบไม่ระบุเลขตัวเลือก,🟠 ตรวจด้วยตา,"✅ คำตอบ: $\forall x \exists y[\, (xy "
chap-02-logic-q63,chap-02-logic,mc,2,บรรทัดคำตอบไม่ระบุเลขตัวเลือก,🟠 ตรวจด้วยตา,"✅ คำตอบ: $\exists x[\, |x + 2| "
chap-02-logic-q86,chap-02-logic,mc,0,บรรทัดคำตอบไม่ระบุเลขตัวเลือก,🟠 ตรวจด้วยตา,✅ คำตอบ: ถ้า $ab = 0$
chap-03-realnumber-q01,chap-03-realnumber,mc,2,บรรทัดคำตอบไม่ระบุเลขตัวเลือก,🟠 ตรวจด้วยตา,✅ คำตอบ: $\dfrac{1}{|x|} 
chap-03-realnumber-q02,chap-03-realnumber,mc,0,บรรทัดคำตอบไม่ระบุเลขตัวเลือก,🟠 ตรวจด้วยตา,✅ คำตอบ: $\dfrac{y}{x} 
chap-03-realnumber-q125,chap-03-realnumber,fill,x^3 - (3/2)x^2 - x + 3/2,ไม่พบค่า x^3 - (3/2)x^2 - x + 3/2 ในบรรทัดคำตอบ,🟠 ตรวจด้วยตา,✅ คำตอบ: $f(x) = x^3 - \dfrac{3}{2}x^2 - x + \dfrac{3}{2}$
chap-03-realnumber-q129,chap-03-realnumber,fill,"(1, 2) ∪ (3, 4)","ไม่พบค่า (1, 2) ∪ (3, 4) ในบรรทัดคำตอบ",🟠 ตรวจด้วยตา,"✅ คำตอบ: $x \in (1, 2) \cup (3, 4)$"
chap-03-realnumber-q130,chap-03-realnumber,fill,"{17, -2}","ไม่พบค่า {17, -2} ในบรรทัดคำตอบ",🟠 ตรวจด้วยตา,"✅ คำตอบ: เซตคำตอบ $= \{17, -2\}$"
chap-03-realnumber-q131,chap-03-realnumber,fill,"{(1,-1),(2,-2)}","ไม่พบค่า {(1,-1),(2,-2)} ในบรรทัดคำตอบ",🟠 ตรวจด้วยตา,"✅ คำตอบ: $A = \{(1,-1),\ (2,-2)\}$"
chap-03-realnumber-q143,chap-03-realnumber,fill,"(2, 4.5)","ไม่พบค่า (2, 4.5) ในบรรทัดคำตอบ",🟠 ตรวจด้วยตา,"✅ คำตอบ: $A=(2,\ 4.5)$"
chap-03-realnumber-q146,chap-03-realnumber,fill,"(-6, -4) ∪ (-4, 1)","ไม่พบค่า (-6, -4) ∪ (-4, 1) ในบรรทัดคำตอบ",🟠 ตรวจด้วยตา,"✅ คำตอบ: $A\cap B = (-6,-4)\cup(-4,1)$"
chap-03-realnumber-q148,chap-03-realnumber,fill,"(-∞, -1) ∪ [0, 1]","ไม่พบค่า (-∞, -1) ∪ [0, 1] ในบรรทัดคำตอบ",🟠 ตรวจด้วยตา,"✅ คำตอบ: $(-\infty,-1)\cup[0,1]$"
chap-03-realnumber-q149,chap-03-realnumber,fill,"(-∞, 0] ∪ (1, 2] ∪ [3, ∞)","ไม่พบค่า (-∞, 0] ∪ (1, 2] ∪ [3, ∞) ในบรรทัดคำตอบ",🟠 ตรวจด้วยตา,"✅ คำตอบ: $A=(-\infty,0]\cup(1,2]\cup[3,\infty)$"
chap-03-realnumber-q155,chap-03-realnumber,fill,"$\{-\sqrt{3},\ 1-\sqrt{2}\}$","ไม่พบค่า $\{-\sqrt{3},\ 1-\sqrt{2}\}$ ในบรรทัดคำตอบ",🟠 ตรวจด้วยตา,"✅ คำตอบ: $A = \{-\sqrt{3},\ 1-\sqrt{2}\}$"
chap-03-realnumber-q182,chap-03-realnumber,fill,"2, ไม่เป็น","ไม่พบค่า 2, ไม่เป็น ในบรรทัดคำตอบ",🟠 ตรวจด้วยตา,✅ คำตอบ: เหลือเศษ $2$ และไม่เป็นจำนวนเฉพาะ
chap-03-realnumber-q184,chap-03-realnumber,fill,"{0, 2, 7, 8}","ไม่พบค่า {0, 2, 7, 8} ในบรรทัดคำตอบ",🟠 ตรวจด้วยตา,"✅ คำตอบ: $\{0, 2, 7, 8\}$"
chap-03-realnumber-q188,chap-03-realnumber,fill,"{6, 7, 24, 43}","ไม่พบค่า {6, 7, 24, 43} ในบรรทัดคำตอบ",🟠 ตรวจด้วยตา,"✅ คำตอบ: $n \in \{6, 7, 24, 43\}$ (4 ค่า)"
chap-03-realnumber-q26,chap-03-realnumber,mc,3,บรรทัดคำตอบไม่ระบุเลขตัวเลือก,🟠 ตรวจด้วยตา,✅ คำตอบ: $x = 3$
chap-03-realnumber-q46,chap-03-realnumber,mc,2,บรรทัดคำตอบไม่ระบุเลขตัวเลือก,🟠 ตรวจด้วยตา,✅ คำตอบ: $a^{2} < c$
chap-03-realnumber-q59,chap-03-realnumber,mc,2,บรรทัดคำตอบไม่ระบุเลขตัวเลือก,🟠 ตรวจด้วยตา,✅ คำตอบ: $x 
chap-03-realnumber-q60,chap-03-realnumber,mc,2,บรรทัดคำตอบไม่ระบุเลขตัวเลือก,🟠 ตรวจด้วยตา,✅ คำตอบ: $\{x > 0$
chap-04-coord-q146,chap-04-coord,fill,"(7,0) หรือ (-1,8)","ไม่พบค่า (7,0) หรือ (-1,8) ในบรรทัดคำตอบ",🟠 ตรวจด้วยตา,"✅ คำตอบ: $(7, 0)$ หรือ $(-1, 8)$"
chap-04-coord-q169,chap-04-coord,fill,"จุดยอด (11/2, -7/2); สมการ x^2+y^2-2xy-46x-10y+137=0","ไม่พบค่า จุดยอด (11/2, -7/2); สมการ x^2+y^2-2xy-46x-10y+137=0 ในบรรทัดคำตอบ",🟠 ตรวจด้วยตา,"✅ คำตอบ: จุดยอด $\left(\dfrac{11}{2}, -\dfrac{7}{2}\right)$ และสมการ $x^2 + y^2 - 2xy - 46x - 10y + 137 = 0$"
chap-04-coord-q173,chap-04-coord,fill,5√13,ไม่พบค่า 5√13 ในบรรทัดคำตอบ,🟠 ตรวจด้วยตา,✅ คำตอบ: $5\sqrt{13}$
chap-04-coord-q174,chap-04-coord,fill,96+16√2+5√(33-16√2),ไม่พบค่า 96+16√2+5√(33-16√2) ในบรรทัดคำตอบ,🟠 ตรวจด้วยตา,✅ คำตอบ: $96 + 16\sqrt{2} + 5\sqrt{33 - 16\sqrt{2}}$
chap-04-coord-q194,chap-04-coord,fill,15/√13,ไม่พบค่า 15/√13 ในบรรทัดคำตอบ,🟠 ตรวจด้วยตา,✅ คำตอบ: $\dfrac{15}{\sqrt{13}}$ หน่วย (= $\dfrac{15\sqrt{13}}{13}$)
chap-04-coord-q195,chap-04-coord,fill,"(√15/4, 15/8) และ (-√15/4, 15/8)","ไม่พบค่า (√15/4, 15/8) และ (-√15/4, 15/8) ในบรรทัดคำตอบ",🟠 ตรวจด้วยตา,"✅ คำตอบ: จุดสัมผัสคือ $\left(\dfrac{\sqrt{15}}{4}, \dfrac{15}{8}\right)$"
chap-04-coord-q198,chap-04-coord,fill,(x-4)^2/12+(y+2)^2/16=1,ไม่พบค่า (x-4)^2/12+(y+2)^2/16=1 ในบรรทัดคำตอบ,🟠 ตรวจด้วยตา,✅ คำตอบ: $\dfrac{(x - 4)^2}{12} + \dfrac{(y + 2)^2}{16} = 1$
chap-04-coord-q202,chap-04-coord,fill,(x-4)^2/4+(y-1)^2/9=1,ไม่พบค่า (x-4)^2/4+(y-1)^2/9=1 ในบรรทัดคำตอบ,🟠 ตรวจด้วยตา,✅ คำตอบ: $\dfrac{(x - 4)^2}{4} + \dfrac{(y - 1)^2}{9} = 1$
chap-04-coord-q207,chap-04-coord,fill,3(y-1)^2=16(x+1) และ 3(y-1)^2=-16(x-5),ไม่พบค่า 3(y-1)^2=16(x+1) และ 3(y-1)^2=-16(x-5) ในบรรทัดคำตอบ,🟠 ตรวจด้วยตา,✅ คำตอบ: $3(y - 1)^2 = 16(x + 1)$
chap-04-coord-q211,chap-04-coord,fill,√7,ไม่พบค่า √7 ในบรรทัดคำตอบ,🟠 ตรวจด้วยตา,✅ คำตอบ: $\sqrt{7}$ หน่วย
chap-04-coord-q225,chap-04-coord,fill,(x-3)^2/25+(y-2)^2/9=1,ไม่พบค่า (x-3)^2/25+(y-2)^2/9=1 ในบรรทัดคำตอบ,🟠 ตรวจด้วยตา,✅ คำตอบ: $\dfrac{(x - 3)^2}{25} + \dfrac{(y - 2)^2}{9} = 1$
chap-04-coord-q226,chap-04-coord,fill,"ศูนย์กลาง (1,2); โฟกัส (1, 2±√5); E: (x-1)^2/1+(y-2)^2/6=1 แกนเอกยาว 2√6; วงกลม (x-1)^2+(y-2)^2=1","ไม่พบค่า ศูนย์กลาง (1,2); โฟกัส (1, 2±√5); E: (x-1)^2/1+(y-2)^2/6=1 แกนเอกยาว 2√6; วงกลม (x-1)^2+(y-2)^2=1 ในบรรทัดคำตอบ",🟠 ตรวจด้วยตา,"✅ คำตอบ: ศูนย์กลาง H คือ $(1, 2)$, โฟกัส $(1, 2 \pm \sqrt{5})$ | E: $(x - 1)^2 + \dfrac{(y - 2)^2}{6} = 1$, แกนเอกยาว $2\sqrt{6}$ | วงกลม: $(x - 1)^2 + (y - 2)^2 = 1$"
chap-04-coord-q229,chap-04-coord,fill,"H: (y-2)^2/1-(x+1)^2/5=1; k ∈ (-∞, -1/√6] ∪ [1/√6, ∞)","ไม่พบค่า H: (y-2)^2/1-(x+1)^2/5=1; k ∈ (-∞, -1/√6] ∪ [1/√6, ∞) ในบรรทัดคำตอบ",🟠 ตรวจด้วยตา,✅ คำตอบ: H: $(y - 2)^2 - \dfrac{(x + 1)^2}{5} = 1$
chap-04-coord-q39,chap-04-coord,mc,3,บรรทัดคำตอบไม่ระบุเลขตัวเลือก,🟠 ตรวจด้วยตา,✅ คำตอบ: $y = -2x$
chap-05-function-q135,chap-05-function,fill,2625,ไม่พบค่า 2625 ในบรรทัดคำตอบ,🟠 ตรวจด้วยตา,"✅ คำตอบ: 2,625 หน้า (พิมพ์ตั้งแต่ 2,625 หน้าขึ้นไปจึงคุ้ม)"
chap-05-function-q147,chap-05-function,fill,"{(3, 3), (3, 12), (0, 36)}","ไม่พบค่า {(3, 3), (3, 12), (0, 36)} ในบรรทัดคำตอบ",🟠 ตรวจด้วยตา,"✅ คำตอบ: $r^{-1} = \{ (3, 3), (3, 12), (0, 36) \}$"
chap-05-function-q15,chap-05-function,mc,2,บรรทัดคำตอบไม่ระบุเลขตัวเลือก,🟠 ตรวจด้วยตา,✅ คำตอบ: $D_{r^{-1}} = \mathbb{R}$
chap-05-function-q159,chap-05-function,fill,"$R_{r_1} = [-2, 2]$, $R_{r_2} = [-1, \infty)$, $D_{r^{-1}} = [-1, 2]$","ไม่พบค่า $R_{r_1} = [-2, 2]$, $R_{r_2} = [-1, \infty)$, $D_{r^{-1}} = [-1, 2]$ ในบรรทัดคำตอบ",🟠 ตรวจด้วยตา,"✅ คำตอบ: $R_{r_1} = [-2, 2]$, $R_{r_2} = [-1, \infty)$"
chap-05-function-q16,chap-05-function,mc,3,บรรทัดคำตอบไม่ระบุเลขตัวเลือก,🟠 ตรวจด้วยตา,"✅ คำตอบ: $D_f = \{ x \ne \pm 1 \}$, $R_f = \{ x \le -2$"
chap-05-function-q165,chap-05-function,fill,"{(a, 1)}, {(b, 1)}, {(c, 2)}, {(a, 1), (c, 2)}, {(b, 1), (c, 2)}","ไม่พบค่า {(a, 1)}, {(b, 1)}, {(c, 2)}, {(a, 1), (c, 2)}, {(b, 1), (c, 2)} ในบรรทัดคำตอบ",🟠 ตรวจด้วยตา,"✅ คำตอบ: $\{(a, 1)\}$, $\{(b, 1)\}$, $\{(c, 2)\}$, $\{(a, 1), (c, 2)\}$, $\{(b, 1), (c, 2)\}$ (รวม 5 ฟังก์ชัน)"
chap-05-function-q169,chap-05-function,fill,"{(1, 3), (2, 4), (3, 1), (4, 2)}","ไม่พบค่า {(1, 3), (2, 4), (3, 1), (4, 2)} ในบรรทัดคำตอบ",🟠 ตรวจด้วยตา,"✅ คำตอบ: $g = \{ (1, 3), (2, 4), (3, 1), (4, 2) \}$"
chap-05-function-q172,chap-05-function,fill,$x^4 + x^2 - 3$,ไม่พบค่า $x^4 + x^2 - 3$ ในบรรทัดคำตอบ,🟠 ตรวจด้วยตา,✅ คำตอบ: $f(x^2 - 1) = x^4 + x^2 - 3$
chap-05-function-q174,chap-05-function,fill,"{-4, 0, 2}","ไม่พบค่า {-4, 0, 2} ในบรรทัดคำตอบ",🟠 ตรวจด้วยตา,"✅ คำตอบ: $H = \{ -4, 0, 2 \}$"
chap-05-function-q179,chap-05-function,fill,$\sqrt{2x^2 + 4}$,ไม่พบค่า $\sqrt{2x^2 + 4}$ ในบรรทัดคำตอบ,🟠 ตรวจด้วยตา,✅ คำตอบ: $f \circ g(x) = \sqrt{2x^2 + 4}$
chap-05-function-q183,chap-05-function,fill,$\dfrac{x}{2} + y + \dfrac{5}{2}$,ไม่พบค่า $\dfrac{x}{2} + y + \dfrac{5}{2}$ ในบรรทัดคำตอบ,🟠 ตรวจด้วยตา,✅ คำตอบ: $g(x + f(y)) = \dfrac{x}{2} + y + \dfrac{5}{2}$
chap-05-function-q190,chap-05-function,fill,-29/3,ไม่พบค่า -29/3 ในบรรทัดคำตอบ,🟠 ตรวจด้วยตา,✅ คำตอบ: $f(5) = -\dfrac{29}{3}$
chap-05-function-q200,chap-05-function,fill,"{7, 34, 148}","ไม่พบค่า {7, 34, 148} ในบรรทัดคำตอบ",🟠 ตรวจด้วยตา,"✅ คำตอบ: $\{7, 34, 148\}$"
chap-05-function-q201,chap-05-function,fill,"0, 2, -2","ไม่พบค่า 0, 2, -2 ในบรรทัดคำตอบ",🟠 ตรวจด้วยตา,"✅ คำตอบ: $f(0) = 0$, $f(1) = 2$, $f(-1) = -2$"
chap-06-matrix-q01,chap-06-matrix,mc,2,บรรทัดคำตอบไม่ระบุเลขตัวเลือก,🟠 ตรวจด้วยตา,✅ คำตอบ: $a_{12} = -a_{21}$
chap-06-matrix-q10,chap-06-matrix,mc,2,บรรทัดคำตอบไม่ระบุเลขตัวเลือก,🟠 ตรวจด้วยตา,"✅ คำตอบ: $a = 1, b = 3$"
chap-06-matrix-q106,chap-06-matrix,fill,±2176,ไม่พบค่า ±2176 ในบรรทัดคำตอบ,🟠 ตรวจด้วยตา,✅ คำตอบ: $\pm 2176$
chap-06-matrix-q108,chap-06-matrix,fill,-1/8,ไม่พบค่า -1/8 ในบรรทัดคำตอบ,🟠 ตรวจด้วยตา,✅ คำตอบ: $-\dfrac{1}{8}$
chap-06-matrix-q115,chap-06-matrix,fill,"(0, sqrt(2)/2, sqrt(2)/2)","ไม่พบค่า (0, sqrt(2)/2, sqrt(2)/2) ในบรรทัดคำตอบ",🟠 ตรวจด้วยตา,✅ คำตอบ: $\begin{bmatrix} x \\ y \\ z \end{bmatrix} = \pm\begin{bmatrix} 0 \\ \sqrt{2}/2 \\ \sqrt{2}/2 \end{bmatrix}$
chap-06-matrix-q122,chap-06-matrix,fill,"[[-1,-4,4],[-1,-5/2,3],[1,3,-3]]","ไม่พบค่า [[-1,-4,4],[-1,-5/2,3],[1,3,-3]] ในบรรทัดคำตอบ",🟠 ตรวจด้วยตา,✅ คำตอบ: $A^{-1} = \begin{bmatrix} -1 & -4 & 4 \\ -1 & -5/2 & 3 \\ 1 & 3 & -3 \end{bmatrix}$
chap-06-matrix-q128,chap-06-matrix,fill,"[[2/3,-1],[1/3,1/3]]","ไม่พบค่า [[2/3,-1],[1/3,1/3]] ในบรรทัดคำตอบ",🟠 ตรวจด้วยตา,✅ คำตอบ: $B = \begin{bmatrix} 2/3 & -1 \\ 1/3 & 1/3 \end{bmatrix}$
chap-06-matrix-q133,chap-06-matrix,fill,"x=2, y=3, z=1, det(adj C)=3364","ไม่พบค่า x=2, y=3, z=1, det(adj C)=3364 ในบรรทัดคำตอบ",🟠 ตรวจด้วยตา,✅ คำตอบ:
chap-06-matrix-q134,chap-06-matrix,fill,"A=[[1,1,1],[-1,2,-1],[0,3,-1]], X=[0,1,0]","ไม่พบค่า A=[[1,1,1],[-1,2,-1],[0,3,-1]], X=[0,1,0] ในบรรทัดคำตอบ",🟠 ตรวจด้วยตา,✅ คำตอบ: $A = \begin{bmatrix} 1 & 1 & 1 \\ -1 & 2 & -1 \\ 0 & 3 & -1 \end{bmatrix}$
chap-06-matrix-q145,chap-06-matrix,fill,-2/3,ไม่พบค่า -2/3 ในบรรทัดคำตอบ,🟠 ตรวจด้วยตา,✅ คำตอบ: $-\dfrac{2}{3}$
chap-06-matrix-q149,chap-06-matrix,fill,คำตอบเดียว: k≠2 และ k≠-2; ไม่มีคำตอบ: k=2 หรือ k=-2; ไม่มีกรณีหลายคำตอบ,ไม่พบค่า คำตอบเดียว: k≠2 และ k≠-2; ไม่มีคำตอบ: k=2 หรือ k=-2; ไม่มีกรณีหลายคำตอบ ในบรรทัดคำตอบ,🟠 ตรวจด้วยตา,✅ คำตอบ: คำตอบเดียวเมื่อ $k \ne 2$
chap-06-matrix-q151,chap-06-matrix,fill,e^(-5525),ไม่พบค่า e^(-5525) ในบรรทัดคำตอบ,🟠 ตรวจด้วยตา,✅ คำตอบ: $\det(C) = e^{-5525}$
chap-06-matrix-q79,chap-06-matrix,mc,2,บรรทัดคำตอบไม่ระบุเลขตัวเลือก,🟠 ตรวจด้วยตา,✅ คำตอบ: $9 \le x 
chap-07-trigonometry-q130,chap-07-trigonometry,fill,"a = -0.3, b ≈ 0.95","ไม่พบค่า a = -0.3, b ≈ 0.95 ในบรรทัดคำตอบ",🟠 ตรวจด้วยตา,✅ คำตอบ: $a = -0.3$
chap-07-trigonometry-q157,chap-07-trigonometry,fill,"$c = 2\sqrt{2},\ \alpha = \dfrac{5\pi}{4}$","ไม่พบค่า $c = 2\sqrt{2},\ \alpha = \dfrac{5\pi}{4}$ ในบรรทัดคำตอบ",🟠 ตรวจด้วยตา,✅ คำตอบ: $c = 2\sqrt{2}$
chap-07-trigonometry-q158,chap-07-trigonometry,fill,$\dfrac{3\sqrt{7} - 1}{8}$,ไม่พบค่า $\dfrac{3\sqrt{7} - 1}{8}$ ในบรรทัดคำตอบ,🟠 ตรวจด้วยตา,✅ คำตอบ: $\dfrac{3\sqrt{7} - 1}{8} \approx 0.87$
chap-07-trigonometry-q161,chap-07-trigonometry,fill,"$\tan\dfrac{\theta}{2} = \dfrac{1}{2},\ \sin\dfrac{\theta}{2} = \dfrac{1}{\sqrt{5}}$ หรือ $\tan\dfrac{\theta}{2} = -2,\ \sin\dfrac{\theta}{2} = \dfrac{2}{\sqrt{5}}$","ไม่พบค่า $\tan\dfrac{\theta}{2} = \dfrac{1}{2},\ \sin\dfrac{\theta}{2} = \dfrac{1}{\sqrt{5}}$ หรือ $\tan\dfrac{\theta}{2} = -2,\ \sin\dfrac{\theta}{2} = \dfrac{2}{\sqrt{5}}$ ในบรรทัดคำตอบ",🟠 ตรวจด้วยตา,"✅ คำตอบ: $\tan\dfrac{\theta}{2} = \dfrac{1}{2}, \sin\dfrac{\theta}{2} = \dfrac{1}{\sqrt{5}}$"
chap-07-trigonometry-q179,chap-07-trigonometry,fill,"$(x, y) = (0, 0),\ \left(\dfrac{\pi}{2}, \dfrac{\pi}{2}\right),\ (\pi, \pi),\ (0, \pi),\ (\pi, 0)$","ไม่พบค่า $(x, y) = (0, 0),\ \left(\dfrac{\pi}{2}, \dfrac{\pi}{2}\right),\ (\pi, \pi),\ (0, \pi),\ (\pi, 0)$ ในบรรทัดคำตอบ",🟠 ตรวจด้วยตา,"✅ คำตอบ: $(x, y) = (0, 0), \left(\dfrac{\pi}{2}, \dfrac{\pi}{2}\right), (\pi, \pi), (0, \pi), (\pi, 0)$ รวม 5 คู่อันดับ"
chap-07-trigonometry-q181,chap-07-trigonometry,fill,"$x = -1,\ y = \dfrac{(2n + 1)\pi}{4} + 1$ เมื่อ $n$ เป็นจำนวนเต็มใด ๆ","ไม่พบค่า $x = -1,\ y = \dfrac{(2n + 1)\pi}{4} + 1$ เมื่อ $n$ เป็นจำนวนเต็มใด ๆ ในบรรทัดคำตอบ",🟠 ตรวจด้วยตา,✅ คำตอบ: $x = -1$
chap-07-trigonometry-q195,chap-07-trigonometry,fill,$x = \dfrac{\pi}{6}$ หรือ $x = \dfrac{5\pi}{6}$,ไม่พบค่า $x = \dfrac{\pi}{6}$ หรือ $x = \dfrac{5\pi}{6}$ ในบรรทัดคำตอบ,🟠 ตรวจด้วยตา,✅ คำตอบ: $x = \dfrac{\pi}{6}$
chap-07-trigonometry-q196,chap-07-trigonometry,fill,$\dfrac{\sqrt{3}}{2}$,ไม่พบค่า $\dfrac{\sqrt{3}}{2}$ ในบรรทัดคำตอบ,🟠 ตรวจด้วยตา,✅ คำตอบ: $A = \left\{\dfrac{\sqrt{3}}{2}\right\}$ ผลบวกของสมาชิก $= \dfrac{\sqrt{3}}{2}$
chap-07-trigonometry-q197,chap-07-trigonometry,mc,3,บรรทัดคำตอบไม่ระบุเลขตัวเลือก,🟠 ตรวจด้วยตา,✅ คำตอบ: $A = \{0\}$
chap-07-trigonometry-q198,chap-07-trigonometry,fill,"$\left\{\dfrac{1}{2}, \dfrac{\pi}{6}\right\}$","ไม่พบค่า $\left\{\dfrac{1}{2}, \dfrac{\pi}{6}\right\}$ ในบรรทัดคำตอบ",🟠 ตรวจด้วยตา,"✅ คำตอบ: $C \cup D = \left\{\dfrac{1}{2}, \dfrac{\pi}{6}\right\}$"
chap-07-trigonometry-q201,chap-07-trigonometry,fill,$100\sqrt{6 + 4\sqrt{3}}$ เมตร,ไม่พบค่า $100\sqrt{6 + 4\sqrt{3}}$ เมตร ในบรรทัดคำตอบ,🟠 ตรวจด้วยตา,✅ คำตอบ: ความสูงพีระมิด $= 100\sqrt{6 + 4\sqrt{3}}$ เมตร ($\approx 359.56$ เมตร)
chap-07-trigonometry-q214,chap-07-trigonometry,fill,$\dfrac{3\sqrt{3}}{2}r^2$ ตารางหน่วย,ไม่พบค่า $\dfrac{3\sqrt{3}}{2}r^2$ ตารางหน่วย ในบรรทัดคำตอบ,🟠 ตรวจด้วยตา,✅ คำตอบ: $\dfrac{3\sqrt{3}}{2}r^2 \approx 2.6r^2$ ตารางหน่วย
chap-07-trigonometry-q220,chap-07-trigonometry,fill,$\dfrac{1}{3}$,ไม่พบค่า $\dfrac{1}{3}$ ในบรรทัดคำตอบ,🟠 ตรวจด้วยตา,✅ คำตอบ: $\cos A = \dfrac{1}{3}$
chap-07-trigonometry-q224,chap-07-trigonometry,fill,$20\sqrt{13 + 6\sqrt{2}} \approx 92.70$ เมตร,ไม่พบค่า $20\sqrt{13 + 6\sqrt{2}} \approx 92.70$ เมตร ในบรรทัดคำตอบ,🟠 ตรวจด้วยตา,✅ คำตอบ: $OC = 20\sqrt{13 + 6\sqrt{2}} \approx 92.70$ เมตร
chap-07-trigonometry-q225,chap-07-trigonometry,fill,$76$,ไม่พบค่า $76$ ในบรรทัดคำตอบ,🟠 ตรวจด้วยตา,✅ คำตอบ: $x^2 = 76$
chap-07-trigonometry-q227,chap-07-trigonometry,fill,"พื้นที่ $= 3 + \sqrt{3}$ ตารางหน่วย, $BD = \sqrt{6}$, $AC = \sqrt{10 + 4\sqrt{3}}$","ไม่พบค่า พื้นที่ $= 3 + \sqrt{3}$ ตารางหน่วย, $BD = \sqrt{6}$, $AC = \sqrt{10 + 4\sqrt{3}}$ ในบรรทัดคำตอบ",🟠 ตรวจด้วยตา,✅ คำตอบ: พื้นที่ $= 3 + \sqrt{3} \approx 4.73$ ตารางหน่วย
chap-07-trigonometry-q63,chap-07-trigonometry,mc,0,บรรทัดคำตอบไม่ระบุเลขตัวเลือก,🟠 ตรวจด้วยตา,✅ คำตอบ: $0 \le x \le \pi$
chap-08-explog-q08,chap-08-explog,mc,1,บรรทัดคำตอบไม่ระบุเลขตัวเลือก,🟠 ตรวจด้วยตา,✅ คำตอบ: ระบบ $x - y = 0$
chap-08-explog-q119,chap-08-explog,fill,"[1, ∞)","ไม่พบค่า [1, ∞) ในบรรทัดคำตอบ",🟠 ตรวจด้วยตา,"✅ คำตอบ: $[1, \infty)$"
chap-08-explog-q129,chap-08-explog,fill,"[−1, 1]","ไม่พบค่า [−1, 1] ในบรรทัดคำตอบ",🟠 ตรวจด้วยตา,"✅ คำตอบ: $[-1, 1]$"
chap-08-explog-q132,chap-08-explog,fill,"{0, 3}","ไม่พบค่า {0, 3} ในบรรทัดคำตอบ",🟠 ตรวจด้วยตา,"✅ คำตอบ: $A = \{ 0, 3 \}$"
chap-08-explog-q135,chap-08-explog,fill,"{−√2, √2, 1/2, 1/a}","ไม่พบค่า {−√2, √2, 1/2, 1/a} ในบรรทัดคำตอบ",🟠 ตรวจด้วยตา,"✅ คำตอบ: $A \cup B = \left\{ -\sqrt{2}, \sqrt{2}, \dfrac{1}{2}, \dfrac{1}{a} \right\}$"
chap-08-explog-q138,chap-08-explog,fill,15a^((3p+q)/5)/(2p−q),ไม่พบค่า 15a^((3p+q)/5)/(2p−q) ในบรรทัดคำตอบ,🟠 ตรวจด้วยตา,"✅ คำตอบ: $\dfrac{15\,a^{(3p+q)/5}}{2p - q}$"
chap-08-explog-q141,chap-08-explog,fill,1/x²,ไม่พบค่า 1/x² ในบรรทัดคำตอบ,🟠 ตรวจด้วยตา,✅ คำตอบ: $\dfrac{1}{x^2}$
chap-08-explog-q154,chap-08-explog,fill,−3,ไม่พบค่า −3 ในบรรทัดคำตอบ,🟠 ตรวจด้วยตา,✅ คำตอบ: $-3$
chap-08-explog-q161,chap-08-explog,fill,−2,ไม่พบค่า −2 ในบรรทัดคำตอบ,🟠 ตรวจด้วยตา,✅ คำตอบ: $-2$
chap-08-explog-q171,chap-08-explog,fill,c^((1+√33)/4) หรือ c^((1−√33)/4),ไม่พบค่า c^((1+√33)/4) หรือ c^((1−√33)/4) ในบรรทัดคำตอบ,🟠 ตรวจด้วยตา,✅ คำตอบ: $x = c^{(1+\sqrt{33})/4}$
chap-08-explog-q178,chap-08-explog,fill,±(2√3 ± √6)/6,ไม่พบค่า ±(2√3 ± √6)/6 ในบรรทัดคำตอบ,🟠 ตรวจด้วยตา,✅ คำตอบ: $\sin\dfrac{x}{2} = \pm\dfrac{2\sqrt{3} \pm \sqrt{6}}{6}$ (ขึ้นกับช่วงของ $x$ — เฉลยหนังสือระบุหมายเหตุไว้)
chap-08-explog-q181,chap-08-explog,fill,1000000,ไม่พบค่า 1000000 ในบรรทัดคำตอบ,🟠 ตรวจด้วยตา,"✅ คำตอบ: $1{,}000{,}000$"
chap-08-explog-q185,chap-08-explog,fill,−8 และ 2,ไม่พบค่า −8 และ 2 ในบรรทัดคำตอบ,🟠 ตรวจด้วยตา,✅ คำตอบ: $x = -8$
chap-08-explog-q186,chap-08-explog,fill,"[2/5, 1)","ไม่พบค่า [2/5, 1) ในบรรทัดคำตอบ",🟠 ตรวจด้วยตา,"✅ คำตอบ: $\left[\dfrac{2}{5}, 1\right)$"
chap-08-explog-q187,chap-08-explog,fill,"(6/7, 18/5) − {2}","ไม่พบค่า (6/7, 18/5) − {2} ในบรรทัดคำตอบ",🟠 ตรวจด้วยตา,"✅ คำตอบ: $\left(\dfrac{6}{7}, \dfrac{18}{5}\right) - \{2\}$"
chap-08-explog-q197,chap-08-explog,fill,"a = (4/5)^6, b = (4/5)^5","ไม่พบค่า a = (4/5)^6, b = (4/5)^5 ในบรรทัดคำตอบ",🟠 ตรวจด้วยตา,"✅ คำตอบ: $a = \left(\dfrac{4}{5}\right)^6$ , $b = \left(\dfrac{4}{5}\right)^5$"
chap-08-explog-q199,chap-08-explog,fill,1 + √2,ไม่พบค่า 1 + √2 ในบรรทัดคำตอบ,🟠 ตรวจด้วยตา,✅ คำตอบ: $\dfrac{b}{a} = 1 + \sqrt{2}$
chap-08-explog-q201,chap-08-explog,fill,−1,ไม่พบค่า −1 ในบรรทัดคำตอบ,🟠 ตรวจด้วยตา,✅ คำตอบ: $-1$
chap-08-explog-q203,chap-08-explog,fill,"(−1, 4) และ (−1, 4/3)","ไม่พบค่า (−1, 4) และ (−1, 4/3) ในบรรทัดคำตอบ",🟠 ตรวจด้วยตา,"✅ คำตอบ: $(x, y) = (-1, 4)$"
chap-08-explog-q206,chap-08-explog,fill,"(1, 1) และ (3^(−1/3), 3^(2/3))","ไม่พบค่า (1, 1) และ (3^(−1/3), 3^(2/3)) ในบรรทัดคำตอบ",🟠 ตรวจด้วยตา,"✅ คำตอบ: $(a, b) = (1, 1)$"
chap-08-explog-q208,chap-08-explog,fill,"(−∞, −1) ∪ [1/2, 1)","ไม่พบค่า (−∞, −1) ∪ [1/2, 1) ในบรรทัดคำตอบ",🟠 ตรวจด้วยตา,"✅ คำตอบ: $D_{f+g} = (-\infty, -1) \cup \left[\dfrac{1}{2}, 1\right)$"
chap-08-explog-q65,chap-08-explog,mc,4,บรรทัดคำตอบไม่ระบุเลขตัวเลือก,🟠 ตรวจด้วยตา,✅ คำตอบ: $D_f = \{ x \mid -9 < x < 11 \}$
chap-09-vector-q106,chap-09-vector,fill,47/√2938,ไม่พบค่า 47/√2938 ในบรรทัดคำตอบ,🟠 ตรวจด้วยตา,✅ คำตอบ: $\cos\theta = \dfrac{47}{\sqrt{2938}}$
chap-09-vector-q112,chap-09-vector,fill,a = (−8 + 5√3)/11,ไม่พบค่า a = (−8 + 5√3)/11 ในบรรทัดคำตอบ,🟠 ตรวจด้วยตา,✅ คำตอบ: $a = \dfrac{-8 + 5\sqrt{3}}{11}$
chap-09-vector-q116,chap-09-vector,fill,"(a,b) = (5, 0) หรือ (−5/2, 5√3/2)","ไม่พบค่า (a,b) = (5, 0) หรือ (−5/2, 5√3/2) ในบรรทัดคำตอบ",🟠 ตรวจด้วยตา,"✅ คำตอบ: $(a, b) = (5, 0)$"
chap-09-vector-q125,chap-09-vector,fill,−2√6/9,ไม่พบค่า −2√6/9 ในบรรทัดคำตอบ,🟠 ตรวจด้วยตา,✅ คำตอบ: $-\dfrac{2\sqrt{6}}{9}$
chap-09-vector-q49,chap-09-vector,mc,0,บรรทัดคำตอบไม่ระบุเลขตัวเลือก,🟠 ตรวจด้วยตา,✅ คำตอบ: $0° 
chap-09-vector-q84,chap-09-vector,mc,3,บรรทัดคำตอบไม่ระบุเลขตัวเลือก,🟠 ตรวจด้วยตา,✅ คำตอบ:
chap-09-vector-q86,chap-09-vector,fill,ū = −3v̄ : ขนานกัน ทิศตรงกันข้าม และ |ū| = 3|v̄|,ไม่พบค่า ū = −3v̄ : ขนานกัน ทิศตรงกันข้าม และ |ū| = 3|v̄| ในบรรทัดคำตอบ,🟠 ตรวจด้วยตา,✅ คำตอบ: $\overline{u} = -3\overline{v}$ — ทั้งสองขนานกันโดยมีทิศตรงกันข้าม และ $|\overline{u}| = 3|\overline{v}|$
chap-09-vector-q91,chap-09-vector,fill,(4/5)ī − (3/5)j̄,ไม่พบค่า (4/5)ī − (3/5)j̄ ในบรรทัดคำตอบ,🟠 ตรวจด้วยตา,✅ คำตอบ: $\dfrac{4}{5}\overline{i} - \dfrac{3}{5}\overline{j}$
chap-09-vector-q92,chap-09-vector,fill,±((4/5)ī + (3/5)j̄),ไม่พบค่า ±((4/5)ī + (3/5)j̄) ในบรรทัดคำตอบ,🟠 ตรวจด้วยตา,✅ คำตอบ: $\pm\left(\dfrac{4}{5}\overline{i} + \dfrac{3}{5}\overline{j}\right)$
chap-09-vector-q94,chap-09-vector,fill,(3/√2)ī + (3/√2)j̄,ไม่พบค่า (3/√2)ī + (3/√2)j̄ ในบรรทัดคำตอบ,🟠 ตรวจด้วยตา,✅ คำตอบ: $\dfrac{3}{\sqrt{2}}\overline{i} + \dfrac{3}{\sqrt{2}}\overline{j}$
chap-09-vector-q95,chap-09-vector,fill,±((8√10/5)ī − (6√10/5)j̄),ไม่พบค่า ±((8√10/5)ī − (6√10/5)j̄) ในบรรทัดคำตอบ,🟠 ตรวจด้วยตา,✅ คำตอบ: $\overrightarrow{PQ} = \pm\left(\dfrac{8\sqrt{10}}{5}\overline{i} - \dfrac{6\sqrt{10}}{5}\overline{j}\right)$
chap-10-complex-q100,chap-10-complex,fill,"3sqrt2 ± 3sqrt2 i , -3sqrt2 ± 3sqrt2 i","ไม่พบค่า 3sqrt2 ± 3sqrt2 i , -3sqrt2 ± 3sqrt2 i ในบรรทัดคำตอบ",🟠 ตรวจด้วยตา,"✅ คำตอบ: $3\sqrt2 \pm 3\sqrt2\,i,\ -3\sqrt2 \pm 3\sqrt2\,i$"
chap-10-complex-q102,chap-10-complex,fill,"±i, ±sqrt3/2 ± (1/2)i","ไม่พบค่า ±i, ±sqrt3/2 ± (1/2)i ในบรรทัดคำตอบ",🟠 ตรวจด้วยตา,"✅ คำตอบ: $\pm i,\ \dfrac{\sqrt3}{2} \pm \dfrac12 i,\ -\dfrac{\sqrt3}{2} \pm \dfrac12 i$"
chap-10-complex-q105,chap-10-complex,fill,e = 1/2 - i ; inverse v = 1/(4a) + (1/b) i เมื่อ u=a+bi ; u=2sqrt3+2i -> 1/(8sqrt3)+i/2 ; u=-2sqrt3+2i -> -1/(8sqrt3)+i/2 ; u=-4i ไม่มีอินเวอร์ส (a=0),ไม่พบค่า e = 1/2 - i ; inverse v = 1/(4a) + (1/b) i เมื่อ u=a+bi ; u=2sqrt3+2i -> 1/(8sqrt3)+i/2 ; u=-2sqrt3+2i -> -1/(8sqrt3)+i/2 ; u=-4i ไม่มีอินเวอร์ส (a=0) ในบรรทัดคำตอบ,🟠 ตรวจด้วยตา,✅ คำตอบ: เอกลักษณ์ $= \dfrac12 - i$
chap-10-complex-q107,chap-10-complex,fill,"i, -4i","ไม่พบค่า i, -4i ในบรรทัดคำตอบ",🟠 ตรวจด้วยตา,"✅ คำตอบ: $x = i,\ -4i$"
chap-10-complex-q108,chap-10-complex,fill,"(sqrt2 + sqrt6 i)/2 , -(sqrt2 + sqrt6 i)/2","ไม่พบค่า (sqrt2 + sqrt6 i)/2 , -(sqrt2 + sqrt6 i)/2 ในบรรทัดคำตอบ",🟠 ตรวจด้วยตา,"✅ คำตอบ: $\dfrac{\sqrt2}{2} + \dfrac{\sqrt6}{2}i,\ -\dfrac{\sqrt2}{2} - \dfrac{\sqrt6}{2}i$"
chap-10-complex-q112,chap-10-complex,fill,"-5, -2, 1/2 + (sqrt3/2)i, 1/2 - (sqrt3/2)i","ไม่พบค่า -5, -2, 1/2 + (sqrt3/2)i, 1/2 - (sqrt3/2)i ในบรรทัดคำตอบ",🟠 ตรวจด้วยตา,"✅ คำตอบ: $-5,\ -2,\ \dfrac12 + \dfrac{\sqrt3}{2}i,\ \dfrac12 - \dfrac{\sqrt3}{2}i$"
chap-10-complex-q113,chap-10-complex,fill,"-1, 2, 2 + sqrt3 i, 2 - sqrt3 i","ไม่พบค่า -1, 2, 2 + sqrt3 i, 2 - sqrt3 i ในบรรทัดคำตอบ",🟠 ตรวจด้วยตา,"✅ คำตอบ: $-1,\ 2,\ 2 + \sqrt3\,i,\ 2 - \sqrt3\,i$"
chap-10-complex-q114,chap-10-complex,fill,"-4, 3, 3 + i, 3 - i","ไม่พบค่า -4, 3, 3 + i, 3 - i ในบรรทัดคำตอบ",🟠 ตรวจด้วยตา,"✅ คำตอบ: $-4,\ 3,\ 3 + i,\ 3 - i$"
chap-10-complex-q115,chap-10-complex,fill,"-1, 2i, -2i, 3i, -3i","ไม่พบค่า -1, 2i, -2i, 3i, -3i ในบรรทัดคำตอบ",🟠 ตรวจด้วยตา,"✅ คำตอบ: $-1,\ 2i,\ -2i,\ 3i,\ -3i$"
chap-10-complex-q121,chap-10-complex,fill,a+b = -1/2 ± sqrt3/2 ; p = จำนวนเฉพาะใด ๆ (ทุกค่าผ่านเงื่อนไขรากจริง),ไม่พบค่า a+b = -1/2 ± sqrt3/2 ; p = จำนวนเฉพาะใด ๆ (ทุกค่าผ่านเงื่อนไขรากจริง) ในบรรทัดคำตอบ,🟠 ตรวจด้วยตา,✅ คำตอบ: $a + b = -\dfrac12 + \dfrac{\sqrt3}{2}$ หรือ $-\dfrac12 - \dfrac{\sqrt3}{2}$
chap-10-complex-q122,chap-10-complex,fill,-5/2,ไม่พบค่า -5/2 ในบรรทัดคำตอบ,🟠 ตรวจด้วยตา,✅ คำตอบ: $-\dfrac52$
chap-10-complex-q75,chap-10-complex,fill,"x=1, y=-2","ไม่พบค่า x=1, y=-2 ในบรรทัดคำตอบ",🟠 ตรวจด้วยตา,"✅ คำตอบ: $x = 1,\ y = -2$"
chap-10-complex-q77,chap-10-complex,fill,"{ pi/2 , 3pi/2 }","ไม่พบค่า { pi/2 , 3pi/2 } ในบรรทัดคำตอบ",🟠 ตรวจด้วยตา,"✅ คำตอบ: $B = \left\{\dfrac{\pi}{2},\ \dfrac{3\pi}{2}\right\}$"
chap-10-complex-q78,chap-10-complex,fill,"x=52, y=17","ไม่พบค่า x=52, y=17 ในบรรทัดคำตอบ",🟠 ตรวจด้วยตา,"✅ คำตอบ: $x = 52,\ y = 17$"
chap-10-complex-q79,chap-10-complex,fill,sqrt(2 sqrt2),ไม่พบค่า sqrt(2 sqrt2) ในบรรทัดคำตอบ,🟠 ตรวจด้วยตา,✅ คำตอบ: $\sqrt{2\sqrt2}$ (เท่ากับ $2^{3/4}$)
chap-10-complex-q88,chap-10-complex,fill,"0, 1, -1/2 + (sqrt3/2)i, -1/2 - (sqrt3/2)i","ไม่พบค่า 0, 1, -1/2 + (sqrt3/2)i, -1/2 - (sqrt3/2)i ในบรรทัดคำตอบ",🟠 ตรวจด้วยตา,"✅ คำตอบ: $0,\ 1,\ -\dfrac12 + \dfrac{\sqrt3}{2}i,\ -\dfrac12 - \dfrac{\sqrt3}{2}i$"
chap-10-complex-q90,chap-10-complex,fill,"(1+i)/sqrt2 , -(1+i)/sqrt2","ไม่พบค่า (1+i)/sqrt2 , -(1+i)/sqrt2 ในบรรทัดคำตอบ",🟠 ตรวจด้วยตา,"✅ คำตอบ: $\dfrac{1+i}{\sqrt2},\ -\dfrac{1+i}{\sqrt2}$"
chap-10-complex-q91,chap-10-complex,fill,1/2^1000,ไม่พบค่า 1/2^1000 ในบรรทัดคำตอบ,🟠 ตรวจด้วยตา,✅ คำตอบ: $\dfrac{1}{2^{1000}}$
chap-10-complex-q93,chap-10-complex,fill,1/2 + (sqrt3/2) i,ไม่พบค่า 1/2 + (sqrt3/2) i ในบรรทัดคำตอบ,🟠 ตรวจด้วยตา,✅ คำตอบ: $\dfrac12 + \dfrac{\sqrt3}{2}i$
chap-10-complex-q97,chap-10-complex,fill,sqrt2/64 - (sqrt2/64) i,ไม่พบค่า sqrt2/64 - (sqrt2/64) i ในบรรทัดคำตอบ,🟠 ตรวจด้วยตา,✅ คำตอบ: $\dfrac{\sqrt2}{64} - \dfrac{\sqrt2}{64}i$
chap-10-complex-q98,chap-10-complex,fill,"1, -1/2 + (sqrt3/2)i, -1/2 - (sqrt3/2)i","ไม่พบค่า 1, -1/2 + (sqrt3/2)i, -1/2 - (sqrt3/2)i ในบรรทัดคำตอบ",🟠 ตรวจด้วยตา,"✅ คำตอบ: $1,\ -\dfrac12 + \dfrac{\sqrt3}{2}i,\ -\dfrac12 - \dfrac{\sqrt3}{2}i$"
chap-10-complex-q99,chap-10-complex,fill,sqrt3/2 - (1/2) i,ไม่พบค่า sqrt3/2 - (1/2) i ในบรรทัดคำตอบ,🟠 ตรวจด้วยตา,✅ คำตอบ: $\dfrac{\sqrt3}{2} - \dfrac12 i$
chap-11-sequence-q07,chap-11-sequence,fill,3780,ไม่พบค่า 3780 ในบรรทัดคำตอบ,🟠 ตรวจด้วยตา,"✅ คำตอบ: ฝากทั้งหมด $3{,}780$ บาท"
chap-11-sequence-q18,chap-11-sequence,mc,2,บรรทัดคำตอบไม่ระบุเลขตัวเลือก,🟠 ตรวจด้วยตา,✅ คำตอบ: $0 
chap-11-sequence-q55,chap-11-sequence,fill,2n - 2 + (1/2)^(n-1),ไม่พบค่า 2n - 2 + (1/2)^(n-1) ในบรรทัดคำตอบ,🟠 ตรวจด้วยตา,✅ คำตอบ: $2n - 2 + \left(\dfrac{1}{2}\right)^{n-1}$
chap-11-sequence-q71,chap-11-sequence,fill,a^2/(a-b),ไม่พบค่า a^2/(a-b) ในบรรทัดคำตอบ,🟠 ตรวจด้วยตา,✅ คำตอบ: $\dfrac{a^2}{a-b}$
chap-13-calculus-q180,chap-13-calculus,fill,ไม่ต่อเนื่องที่ x=0,ไม่พบค่า ไม่ต่อเนื่องที่ x=0 ในบรรทัดคำตอบ,🟠 ตรวจด้วยตา,✅ คำตอบ: ไม่ต่อเนื่อง — ไม่ต่อเนื่องที่ $x=0$ (จุดกระโดด)
chap-13-calculus-q181,chap-13-calculus,fill,"ทุกจุดในช่วง (0,1)","ไม่พบค่า ทุกจุดในช่วง (0,1) ในบรรทัดคำตอบ",🟠 ตรวจด้วยตา,"✅ คำตอบ: ไม่ต่อเนื่องที่ทุกจุดในช่วง $(0,1)$"
chap-13-calculus-q182,chap-13-calculus,fill,"0.5, -1","ไม่พบค่า 0.5, -1 ในบรรทัดคำตอบ",🟠 ตรวจด้วยตา,✅ คำตอบ: $A=\dfrac{1}{2}$
chap-13-calculus-q186,chap-13-calculus,fill,K ต่อเนื่องทุกค่า t>0,ไม่พบค่า K ต่อเนื่องทุกค่า t>0 ในบรรทัดคำตอบ,🟠 ตรวจด้วยตา,✅ คำตอบ: $K$ เป็นฟังก์ชันต่อเนื่อง (ทุกค่า $t > 0$)
chap-13-calculus-q188,chap-13-calculus,fill,"-1, 1","ไม่พบค่า -1, 1 ในบรรทัดคำตอบ",🟠 ตรวจด้วยตา,✅ คำตอบ: $x=-1$
chap-13-calculus-q192,chap-13-calculus,fill,(2-3x^2)/sqrt(1-x^2),ไม่พบค่า (2-3x^2)/sqrt(1-x^2) ในบรรทัดคำตอบ,🟠 ตรวจด้วยตา,✅ คำตอบ: $\dfrac{d^{2}y}{dx^{2}}=\dfrac{2-3x^{2}}{\sqrt{1-x^{2}}}$
chap-13-calculus-q214,chap-13-calculus,fill,"ค่าสูงสุด 3, ค่าต่ำสุด 1","ไม่พบค่า ค่าสูงสุด 3, ค่าต่ำสุด 1 ในบรรทัดคำตอบ",🟠 ตรวจด้วยตา,"✅ คำตอบ: ค่าสูงสุด $=3$, ค่าต่ำสุด $=1$"
chap-13-calculus-q216,chap-13-calculus,fill,"ค่าสูงสุด 25, ค่าต่ำสุด 0","ไม่พบค่า ค่าสูงสุด 25, ค่าต่ำสุด 0 ในบรรทัดคำตอบ",🟠 ตรวจด้วยตา,"✅ คำตอบ: ค่าสูงสุด $=25$, ค่าต่ำสุด $=0$"
chap-13-calculus-q220,chap-13-calculus,fill,"ต่ำสุดสัมพัทธ์/สัมบูรณ์ $=0$ ที่ $x=1,3$; สูงสุดสัมพัทธ์ $=1$ ที่ $x=2$ (ไม่มีค่าสูงสุดสัมบูรณ์)","ไม่พบค่า ต่ำสุดสัมพัทธ์/สัมบูรณ์ $=0$ ที่ $x=1,3$; สูงสุดสัมพัทธ์ $=1$ ที่ $x=2$ (ไม่มีค่าสูงสุดสัมบูรณ์) ในบรรทัดคำตอบ",🟠 ตรวจด้วยตา,"✅ คำตอบ: ต่ำสุด (สัมพัทธ์และสัมบูรณ์) $=0$ ที่ $x=1,3$; สูงสุดสัมพัทธ์ $=1$ ที่ $x=2$; ไม่มีค่าสูงสุดสัมบูรณ์"
chap-13-calculus-q221,chap-13-calculus,fill,เพิ่มขึ้นเมื่อ $0\le x<\dfrac{a}{2}$ และลดลงเมื่อ $\dfrac{a}{2}<x\le a$ (อัตราสูงสุดที่ $x=\dfrac{a}{2}$),ไม่พบค่า เพิ่มขึ้นเมื่อ $0\le x<\dfrac{a}{2}$ และลดลงเมื่อ $\dfrac{a}{2}<x\le a$ (อัตราสูงสุดที่ $x=\dfrac{a}{2}$) ในบรรทัดคำตอบ,🟠 ตรวจด้วยตา,✅ คำตอบ: เพิ่มขึ้นเมื่อ $0\le x 
chap-13-calculus-q223,chap-13-calculus,fill,"A = -2, B = -1","ไม่พบค่า A = -2, B = -1 ในบรรทัดคำตอบ",🟠 ตรวจด้วยตา,"✅ คำตอบ: $A=-2,\ B=-1$"
chap-13-calculus-q23,chap-13-calculus,mc,1,บรรทัดคำตอบไม่ระบุเลขตัวเลือก,🟠 ตรวจด้วยตา,✅ คำตอบ: $f(-1)=-3$
chap-13-calculus-q236,chap-13-calculus,fill,"r=5, h=20","ไม่พบค่า r=5, h=20 ในบรรทัดคำตอบ",🟠 ตรวจด้วยตา,"✅ คำตอบ: $r=5$, $h=20$ (ปริมาตรมากที่สุด $=500\pi$) "
chap-13-calculus-q237,chap-13-calculus,fill,r = L/(pi+4),ไม่พบค่า r = L/(pi+4) ในบรรทัดคำตอบ,🟠 ตรวจด้วยตา,✅ คำตอบ: $r=\dfrac{L}{\pi+4}$
chap-13-calculus-q243,chap-13-calculus,fill,12 sqrt(3),ไม่พบค่า 12 sqrt(3) ในบรรทัดคำตอบ,🟠 ตรวจด้วยตา,✅ คำตอบ: พื้นที่มากที่สุด $=12\sqrt{3}$ ตารางหน่วย
chap-13-calculus-q247,chap-13-calculus,fill,h/3,ไม่พบค่า h/3 ในบรรทัดคำตอบ,🟠 ตรวจด้วยตา,✅ คำตอบ: ความสูงของทรงกระบอก $=\dfrac{h}{3}$
chap-13-calculus-q248,chap-13-calculus,fill,256pi/3,ไม่พบค่า 256pi/3 ในบรรทัดคำตอบ,🟠 ตรวจด้วยตา,✅ คำตอบ: ปริมาตรมากที่สุด $=\dfrac{256\pi}{3}$ ลูกบาศก์นิ้ว
chap-13-calculus-q255,chap-13-calculus,fill,-1/(2(n-1)(x^2+1)^(n-1)) + C,ไม่พบค่า -1/(2(n-1)(x^2+1)^(n-1)) + C ในบรรทัดคำตอบ,🟠 ตรวจด้วยตา,"✅ คำตอบ: $-\dfrac{1}{2(n-1)(x^{2}+1)^{\,n-1}}+C$"
chap-13-calculus-q263,chap-13-calculus,fill,1/(n+1) + 1/(n+2),ไม่พบค่า 1/(n+1) + 1/(n+2) ในบรรทัดคำตอบ,🟠 ตรวจด้วยตา,✅ คำตอบ: $\dfrac{1}{n+1}+\dfrac{1}{n+2}=\dfrac{2n+3}{(n+1)(n+2)}$
chap-13-calculus-q277,chap-13-calculus,fill,"$A=4\int_0^a \dfrac{b}{a}\sqrt{a^2-x^2}\,dx=\pi ab$","ไม่พบค่า $A=4\int_0^a \dfrac{b}{a}\sqrt{a^2-x^2}\,dx=\pi ab$ ในบรรทัดคำตอบ",🟠 ตรวจด้วยตา,✅ คำตอบ:
chap-13-calculus-q283,chap-13-calculus,fill,หาค่าไม่ได้ (ปริพันธ์ลู่ออก),ไม่พบค่า หาค่าไม่ได้ (ปริพันธ์ลู่ออก) ในบรรทัดคำตอบ,🟠 ตรวจด้วยตา,✅ คำตอบ: หาค่าไม่ได้ เพราะ $x=2$ อยู่ในช่วงและปริพันธ์ลู่ออก → เติมคำตอบ
chap-13-calculus-q287,chap-13-calculus,fill,"$(3,\ 3\sqrt{3})$","ไม่พบค่า $(3,\ 3\sqrt{3})$ ในบรรทัดคำตอบ",🟠 ตรวจด้วยตา,"✅ คำตอบ: $A=(3,\,3\sqrt{3})$ → เติมคำตอบ"
chap-13-calculus-q290,chap-13-calculus,fill,"22/3, 17/3","ไม่พบค่า 22/3, 17/3 ในบรรทัดคำตอบ",🟠 ตรวจด้วยตา,"✅ คำตอบ: ตำแหน่ง $=\dfrac{22}{3}$ หน่วย, ระยะทาง $=\dfrac{17}{3}$ หน่วย → เติมคำตอบ"
chap-13-calculus-q35,chap-13-calculus,mc,0,บรรทัดคำตอบไม่ระบุเลขตัวเลือก,🟠 ตรวจด้วยตา,✅ คำตอบ: $3x+6y-8=0$
chap-13-calculus-q86,chap-13-calculus,mc,1,บรรทัดคำตอบไม่ระบุเลขตัวเลือก,🟠 ตรวจด้วยตา,"✅ คำตอบ: $2{,}000\le N "
chap-14-infiniteseries-q07,chap-14-infiniteseries,mc,3,บรรทัดคำตอบไม่ระบุเลขตัวเลือก,🟠 ตรวจด้วยตา,"✅ คำตอบ: $D=(-1,1)$"
chap-14-infiniteseries-q57,chap-14-infiniteseries,fill,m>n: หาค่าลิมิตไม่ได้ (เป็น $+\infty$ เมื่อ $a_0/b_0>0$ หรือ $-\infty$ เมื่อ $a_0/b_0<0$); m<n: 0,ไม่พบค่า m>n: หาค่าลิมิตไม่ได้ (เป็น $+\infty$ เมื่อ $a_0/b_0>0$ หรือ $-\infty$ เมื่อ $a_0/b_0<0$); m<n: 0 ในบรรทัดคำตอบ,🟠 ตรวจด้วยตา,✅ คำตอบ: $m > n$ หาค่าลิมิตไม่ได้ ($\pm\infty$ ตามเครื่องหมาย $a_0/b_0$); $m 
chap-14-infiniteseries-q85,chap-14-infiniteseries,fill,1 + (ln2)^2/(1-ln2)^2,ไม่พบค่า 1 + (ln2)^2/(1-ln2)^2 ในบรรทัดคำตอบ,🟠 ตรวจด้วยตา,✅ คำตอบ: $1+\dfrac{(\ln 2)^2}{(1-\ln 2)^2}\approx 6.1026$
chap-14-infiniteseries-q87,chap-14-infiniteseries,fill,(15/16)log2,ไม่พบค่า (15/16)log2 ในบรรทัดคำตอบ,🟠 ตรวจด้วยตา,✅ คำตอบ: $\dfrac{15}{16}\log 2\approx 0.2822$
chap-14-infiniteseries-q89,chap-14-infiniteseries,fill,"A = 15/4, B = 2","ไม่พบค่า A = 15/4, B = 2 ในบรรทัดคำตอบ",🟠 ตรวจด้วยตา,"✅ คำตอบ: $A = \dfrac{15}{4}, \ B = 2$"
chap-15-statistics-q124,chap-15-statistics,mc,4,บรรทัดคำตอบไม่ระบุเลขตัวเลือก,🟠 ตรวจด้วยตา,✅ คำตอบ: $\bar{X}_1 < \bar{X}_2$
chap-15-statistics-q136,chap-15-statistics,mc,3,บรรทัดคำตอบไม่ระบุเลขตัวเลือก,🟠 ตรวจด้วยตา,✅ คำตอบ: $a=78.88$
chap-15-statistics-q156,chap-15-statistics,fill,113.8 หรือ 66.2,ไม่พบค่า 113.8 หรือ 66.2 ในบรรทัดคำตอบ,🟠 ตรวจด้วยตา,✅ คำตอบ: $113.8$ หรือ $66.2$
chap-15-statistics-q164,chap-15-statistics,mc,3,บรรทัดคำตอบไม่ระบุเลขตัวเลือก,🟠 ตรวจด้วยตา,✅ คำตอบ:
chap-15-statistics-q175,chap-15-statistics,fill,7000,ไม่พบค่า 7000 ในบรรทัดคำตอบ,🟠 ตรวจด้วยตา,"✅ คำตอบ: $7{,}000$ บาท"
chap-15-statistics-q199,chap-15-statistics,fill,"132, 254","ไม่พบค่า 132, 254 ในบรรทัดคำตอบ",🟠 ตรวจด้วยตา,✅ คำตอบ: ค่าเฉลี่ยที่ถูกต้อง $=132$ บาท และค่าเฉลี่ยเงินที่ได้มา $=254$ บาท
chap-15-statistics-q267,chap-15-statistics,fill,"79.5, 45","ไม่พบค่า 79.5, 45 ในบรรทัดคำตอบ",🟠 ตรวจด้วยตา,✅ คำตอบ: $\sigma\approx 79.5$ และมัธยฐาน $=45$
chap-15-statistics-q275,chap-15-statistics,fill,24 หรือ 16,ไม่พบค่า 24 หรือ 16 ในบรรทัดคำตอบ,🟠 ตรวจด้วยตา,✅ คำตอบ: $24$ หรือ $16$
gen-chap-01-set-q209,gen-chap-01-set,mc,2,บรรทัดคำตอบไม่ระบุเลขตัวเลือก,🟠 ตรวจด้วยตา,"✅ คำตอบ $A\cap B=\{-1,0,1,2,3\}$"
gen-chap-01-set-q332,gen-chap-01-set,mc,1,บรรทัดคำตอบไม่ระบุเลขตัวเลือก,🟠 ตรวจด้วยตา,✅ คำตอบ $n(A\cap B)=1$
gen-chap-01-set-q382,gen-chap-01-set,fill,"{2, 6, 12}","ไม่พบค่า {2, 6, 12} ในบรรทัดคำตอบ",🟠 ตรวจด้วยตา,"✅ คำตอบ $\{2,6,12\}$"
gen-chap-02-logic-q050,gen-chap-02-logic,mc,0,บรรทัดคำตอบไม่ระบุเลขตัวเลือก,🟠 ตรวจด้วยตา,✅ คำตอบ $p\vee q$ เป็นจริง เมื่ออย่างน้อยหนึ่งตัวเป็นจริง
gen-chap-02-logic-q305,gen-chap-02-logic,mc,1,บรรทัดคำตอบไม่ระบุเลขตัวเลือก,🟠 ตรวจด้วยตา,✅ คำตอบ: ข้อ ข  $\exists x[x^2=4]$
gen-chap-02-logic-q309,gen-chap-02-logic,mc,2,บรรทัดคำตอบไม่ระบุเลขตัวเลือก,🟠 ตรวจด้วยตา,✅ คำตอบ: ข้อ ค  $\exists x[x^2=36]$
gen-chap-02-logic-q310,gen-chap-02-logic,mc,1,บรรทัดคำตอบไม่ระบุเลขตัวเลือก,🟠 ตรวจด้วยตา,✅ คำตอบ: ข้อ ข  $\exists x[(2\nmid x)\wedge(x>2)]$
gen-chap-02-logic-q318,gen-chap-02-logic,mc,3,บรรทัดคำตอบไม่ระบุเลขตัวเลือก,🟠 ตรวจด้วยตา,✅ คำตอบ: ข้อ ง  $\forall x\exists y[(x-1)y=0]$
gen-chap-02-logic-q336,gen-chap-02-logic,mc,1,บรรทัดคำตอบไม่ระบุเลขตัวเลือก,🟠 ตรวจด้วยตา,✅ คำตอบ 12
gen-chap-03-real-q018,gen-chap-03-real,fill,7/2,ไม่พบค่า 7/2 ในบรรทัดคำตอบ,🟠 ตรวจด้วยตา,✅ คำตอบ $\dfrac72$
gen-chap-03-real-q079,gen-chap-03-real,mc,0,บรรทัดคำตอบไม่ระบุเลขตัวเลือก,🟠 ตรวจด้วยตา,✅ คำตอบ $\mathbb{R}$
gen-chap-03-real-q089,gen-chap-03-real,fill,13/4,ไม่พบค่า 13/4 ในบรรทัดคำตอบ,🟠 ตรวจด้วยตา,✅ คำตอบ $x=\dfrac{13}4$
gen-chap-03-real-q105,gen-chap-03-real,fill,1/3,ไม่พบค่า 1/3 ในบรรทัดคำตอบ,🟠 ตรวจด้วยตา,✅ คำตอบ $\dfrac13$
gen-chap-03-real-q117,gen-chap-03-real,mc,0,บรรทัดคำตอบไม่ระบุเลขตัวเลือก,🟠 ตรวจด้วยตา,✅ คำตอบ ข้อ ก ไม่จริง (อตรรกยะ$\times$อตรรกยะ อาจเป็นตรรกยะ)
gen-chap-03-real-q118,gen-chap-03-real,mc,0,บรรทัดคำตอบไม่ระบุเลขตัวเลือก,🟠 ตรวจด้วยตา,✅ คำตอบ $2^{\frac12}$ เป็นจำนวนอตรรกยะ
gen-chap-03-real-q122,gen-chap-03-real,mc,1,บรรทัดคำตอบไม่ระบุเลขตัวเลือก,🟠 ตรวจด้วยตา,✅ คำตอบ ไม่มีเอกลักษณ์ จึงไม่เป็นกรุป
gen-chap-03-real-q125,gen-chap-03-real,mc,3,บรรทัดคำตอบไม่ระบุเลขตัวเลือก,🟠 ตรวจด้วยตา,✅ คำตอบ อินเวอร์สของ $8$ คือ $\dfrac12$
gen-chap-03-real-q151,gen-chap-03-real,mc,2,บรรทัดคำตอบไม่ระบุเลขตัวเลือก,🟠 ตรวจด้วยตา,"✅ คำตอบ $A'=(-1,\infty)$"
gen-chap-03-real-q178,gen-chap-03-real,mc,2,บรรทัดคำตอบไม่ระบุเลขตัวเลือก,🟠 ตรวจด้วยตา,✅ คำตอบ เซตคำตอบ $=\{5\}$
gen-chap-03-real-q179,gen-chap-03-real,mc,3,บรรทัดคำตอบไม่ระบุเลขตัวเลือก,🟠 ตรวจด้วยตา,"✅ คำตอบ เซตคำตอบ $=(4,\infty)$"
gen-chap-03-real-q183,gen-chap-03-real,mc,0,บรรทัดคำตอบไม่ระบุเลขตัวเลือก,🟠 ตรวจด้วยตา,✅ คำตอบ เศษเหลือ $=3x-3$
gen-chap-03-real-q184,gen-chap-03-real,mc,1,บรรทัดคำตอบไม่ระบุเลขตัวเลือก,🟠 ตรวจด้วยตา,"✅ คำตอบ เซตคำตอบ $=[1,5]$"
gen-chap-03-real-q195,gen-chap-03-real,mc,0,บรรทัดคำตอบไม่ระบุเลขตัวเลือก,🟠 ตรวจด้วยตา,✅ คำตอบ ข้อ D
gen-chap-03-real-q204,gen-chap-03-real,fill,-8/5,ไม่พบค่า -8/5 ในบรรทัดคำตอบ,🟠 ตรวจด้วยตา,✅ คำตอบ $k=-\dfrac85$
gen-chap-03-real-q213,gen-chap-03-real,mc,1,บรรทัดคำตอบไม่ระบุเลขตัวเลือก,🟠 ตรวจด้วยตา,✅ คำตอบ $*$ มีสมบัติสลับที่
gen-chap-03-real-q216,gen-chap-03-real,mc,1,บรรทัดคำตอบไม่ระบุเลขตัวเลือก,🟠 ตรวจด้วยตา,✅ คำตอบ $*$ ไม่ปิดบน $\mathbb{Z}$
gen-chap-03-real-q224,gen-chap-03-real,mc,1,บรรทัดคำตอบไม่ระบุเลขตัวเลือก,🟠 ตรวจด้วยตา,✅ คำตอบ $0$ เป็นเอกลักษณ์ขวา แต่ $*$ ไม่มีเอกลักษณ์ซ้าย
gen-chap-03-real-q281,gen-chap-03-real,mc,1,บรรทัดคำตอบไม่ระบุเลขตัวเลือก,🟠 ตรวจด้วยตา,"✅ คำตอบ $\left[-\dfrac{3}{2},3\right]$"
gen-chap-03-real-q296,gen-chap-03-real,fill,-5/6,ไม่พบค่า -5/6 ในบรรทัดคำตอบ,🟠 ตรวจด้วยตา,✅ คำตอบ $-\dfrac56$
gen-chap-03-real-q301,gen-chap-03-real,fill,3/2,ไม่พบค่า 3/2 ในบรรทัดคำตอบ,🟠 ตรวจด้วยตา,✅ คำตอบ ค่ามากที่สุดคือ $\dfrac32$
gen-chap-03-real-q306,gen-chap-03-real,fill,7/2,ไม่พบค่า 7/2 ในบรรทัดคำตอบ,🟠 ตรวจด้วยตา,✅ คำตอบ ผลบวกคือ $\dfrac72$
gen-chap-03-real-q307,gen-chap-03-real,mc,1,บรรทัดคำตอบไม่ระบุเลขตัวเลือก,🟠 ตรวจด้วยตา,✅ คำตอบ $3*4=14$
gen-chap-03-real-q309,gen-chap-03-real,mc,1,บรรทัดคำตอบไม่ระบุเลขตัวเลือก,🟠 ตรวจด้วยตา,✅ คำตอบ ข้อที่ไม่จริงคือ 'มีจำนวนตรรกยะ $a$ ที่ $a^2=3$'
gen-chap-03-real-q311,gen-chap-03-real,mc,3,บรรทัดคำตอบไม่ระบุเลขตัวเลือก,🟠 ตรวจด้วยตา,✅ คำตอบ อินเวอร์สของ $5$ คือ $\dfrac72$
gen-chap-03-real-q313,gen-chap-03-real,mc,2,บรรทัดคำตอบไม่ระบุเลขตัวเลือก,🟠 ตรวจด้วยตา,✅ คำตอบ ไม่เป็นกรุป เพราะ $\dfrac12$ ไม่มีอินเวอร์ส
gen-chap-03-real-q314,gen-chap-03-real,mc,1,บรรทัดคำตอบไม่ระบุเลขตัวเลือก,🟠 ตรวจด้วยตา,✅ คำตอบ มีเอกลักษณ์ขวาคือ $0$ แต่ไม่มีเอกลักษณ์ซ้าย
gen-chap-03-real-q315,gen-chap-03-real,mc,2,บรรทัดคำตอบไม่ระบุเลขตัวเลือก,🟠 ตรวจด้วยตา,✅ คำตอบ ไม่มีทั้งสมบัติสลับที่และสมบัติเปลี่ยนหมู่
gen-chap-03-real-q321,gen-chap-03-real,mc,1,บรรทัดคำตอบไม่ระบุเลขตัวเลือก,🟠 ตรวจด้วยตา,✅ คำตอบ เป็นกรุป เอกลักษณ์ $2$ อินเวอร์สของ $a$ คือ $\dfrac{4}{a}$
gen-chap-03-real-q324,gen-chap-03-real,mc,1,บรรทัดคำตอบไม่ระบุเลขตัวเลือก,🟠 ตรวจด้วยตา,✅ คำตอบ ไม่เป็นกรุป เพราะ $1$ ไม่มีอินเวอร์สใน $\mathbb{Z}$
gen-chap-03-real-q353,gen-chap-03-real,mc,0,บรรทัดคำตอบไม่ระบุเลขตัวเลือก,🟠 ตรวจด้วยตา,✅ คำตอบ ข้อแรก
gen-chap-03-real-q356,gen-chap-03-real,mc,2,บรรทัดคำตอบไม่ระบุเลขตัวเลือก,🟠 ตรวจด้วยตา,✅ คำตอบ ข้อแรก
gen-chap-03-real-q379,gen-chap-03-real,mc,0,บรรทัดคำตอบไม่ระบุเลขตัวเลือก,🟠 ตรวจด้วยตา,✅ คำตอบ $\sqrt3+\sqrt6\gt\sqrt2+\sqrt7$
gen-chap-03-real-q381,gen-chap-03-real,mc,1,บรรทัดคำตอบไม่ระบุเลขตัวเลือก,🟠 ตรวจด้วยตา,"✅ คำตอบ $(A\cap B)-C=(1,2]$"
gen-chap-03-real-q382,gen-chap-03-real,mc,2,บรรทัดคำตอบไม่ระบุเลขตัวเลือก,🟠 ตรวจด้วยตา,"✅ คำตอบ $(A\cup B)\cap C=[2,5]$"
gen-chap-04-coord-q010,gen-chap-04-coord,fill,"(8,0),(0,-6)","ไม่พบค่า (8,0),(0,-6) ในบรรทัดคำตอบ",🟠 ตรวจด้วยตา,"✅ คำตอบ: จุดตัดแกน $x$ คือ $(8,0)$ และจุดตัดแกน $y$ คือ $(0,-6)$"
gen-chap-04-coord-q014,gen-chap-04-coord,fill,45°,ไม่พบค่า 45° ในบรรทัดคำตอบ,🟠 ตรวจด้วยตา,✅ คำตอบ: $\theta=45^{\circ}$
gen-chap-04-coord-q021,gen-chap-04-coord,fill,"$(3,-2),\ r=5$","ไม่พบค่า $(3,-2),\ r=5$ ในบรรทัดคำตอบ",🟠 ตรวจด้วยตา,"✅ คำตอบ: จุดศูนย์กลาง $(3,-2)$ และรัศมี $r=5$"
gen-chap-04-coord-q027,gen-chap-04-coord,fill,$8$,ไม่พบค่า $8$ ในบรรทัดคำตอบ,🟠 ตรวจด้วยตา,✅ คำตอบ: ความยาวคอร์ด $=8$
gen-chap-04-coord-q030,gen-chap-04-coord,fill,$4$,ไม่พบค่า $4$ ในบรรทัดคำตอบ,🟠 ตรวจด้วยตา,✅ คำตอบ: ความยาวเส้นสัมผัส $=4$
gen-chap-04-coord-q070,gen-chap-04-coord,fill,$\dfrac{8\sqrt{2}}{3}$,ไม่พบค่า $\dfrac{8\sqrt{2}}{3}$ ในบรรทัดคำตอบ,🟠 ตรวจด้วยตา,✅ คำตอบ: $\dfrac{8\sqrt2}{3}$
gen-chap-04-coord-q077,gen-chap-04-coord,fill,$\dfrac{3}{2}$,ไม่พบค่า $\dfrac{3}{2}$ ในบรรทัดคำตอบ,🟠 ตรวจด้วยตา,✅ คำตอบ: $e_h=\dfrac{3}{2}$
gen-chap-04-coord-q078,gen-chap-04-coord,fill,$4\sqrt{3}$,ไม่พบค่า $4\sqrt{3}$ ในบรรทัดคำตอบ,🟠 ตรวจด้วยตา,✅ คำตอบ: $r=4\sqrt3$
gen-chap-04-coord-q085,gen-chap-04-coord,fill,$\sqrt{2}$,ไม่พบค่า $\sqrt{2}$ ในบรรทัดคำตอบ,🟠 ตรวจด้วยตา,✅ คำตอบ: รัศมี $= \sqrt{2}$
gen-chap-04-coord-q089,gen-chap-04-coord,fill,$\dfrac{5}{4}$,ไม่พบค่า $\dfrac{5}{4}$ ในบรรทัดคำตอบ,🟠 ตรวจด้วยตา,✅ คำตอบ: $e_h = \dfrac{5}{4}$
gen-chap-04-coord-q090,gen-chap-04-coord,fill,$\dfrac{8}{5}$,ไม่พบค่า $\dfrac{8}{5}$ ในบรรทัดคำตอบ,🟠 ตรวจด้วยตา,✅ คำตอบ: $r = \dfrac{8}{5}$
gen-chap-04-coord-q096,gen-chap-04-coord,fill,$\dfrac{\sqrt{5}}{5}$,ไม่พบค่า $\dfrac{\sqrt{5}}{5}$ ในบรรทัดคำตอบ,🟠 ตรวจด้วยตา,✅ คำตอบ: $e = \dfrac{\sqrt{5}}{5}$
gen-chap-04-coord-q100,gen-chap-04-coord,fill,$3\sqrt{3}$,ไม่พบค่า $3\sqrt{3}$ ในบรรทัดคำตอบ,🟠 ตรวจด้วยตา,✅ คำตอบ: $t = 3\sqrt{3}$
gen-chap-04-coord-q101,gen-chap-04-coord,fill,"(28/5, 26/5)","ไม่พบค่า (28/5, 26/5) ในบรรทัดคำตอบ",🟠 ตรวจด้วยตา,"✅ คำตอบ: $F=\left(\dfrac{28}{5},\dfrac{26}{5}\right)$"
gen-chap-04-coord-q107,gen-chap-04-coord,fill,-5 < c < 5,ไม่พบค่า -5 < c < 5 ในบรรทัดคำตอบ,🟠 ตรวจด้วยตา,✅ คำตอบ: $-5\lt c\lt5$
gen-chap-04-coord-q110,gen-chap-04-coord,fill,"(4, 3/2)","ไม่พบค่า (4, 3/2) ในบรรทัดคำตอบ",🟠 ตรวจด้วยตา,"✅ คำตอบ: $\left(4,\dfrac{3}{2}\right)$"
gen-chap-04-coord-q111,gen-chap-04-coord,fill,$8√5/5$,ไม่พบค่า $8√5/5$ ในบรรทัดคำตอบ,🟠 ตรวจด้วยตา,✅ คำตอบ: $\overline{AB}=\dfrac{8\sqrt5}{5}$
gen-chap-04-coord-q112,gen-chap-04-coord,fill,$2√7$,ไม่พบค่า $2√7$ ในบรรทัดคำตอบ,🟠 ตรวจด้วยตา,✅ คำตอบ: $\ell=2\sqrt7$
gen-chap-04-coord-q119,gen-chap-04-coord,fill,$2√11$,ไม่พบค่า $2√11$ ในบรรทัดคำตอบ,🟠 ตรวจด้วยตา,✅ คำตอบ: ความยาวคอร์ด $=2\sqrt{11}$
gen-chap-04-coord-q125,gen-chap-04-coord,fill,"$(2,√3)$","ไม่พบค่า $(2,√3)$ ในบรรทัดคำตอบ",🟠 ตรวจด้วยตา,"✅ คำตอบ: $(2,\sqrt{3})$"
gen-chap-04-coord-q133,gen-chap-04-coord,fill,-3/4,ไม่พบค่า -3/4 ในบรรทัดคำตอบ,🟠 ตรวจด้วยตา,✅ คำตอบ: $m_2=-\dfrac{3}{4}$
gen-chap-04-coord-q136,gen-chap-04-coord,fill,$√13$,ไม่พบค่า $√13$ ในบรรทัดคำตอบ,🟠 ตรวจด้วยตา,✅ คำตอบ: $QB=\sqrt{13}$
gen-chap-04-coord-q137,gen-chap-04-coord,fill,$±√55$,ไม่พบค่า $±√55$ ในบรรทัดคำตอบ,🟠 ตรวจด้วยตา,✅ คำตอบ: $c=\pm\sqrt{55}$
gen-chap-04-coord-q169,gen-chap-04-coord,mc,2,บรรทัดคำตอบไม่ระบุเลขตัวเลือก,🟠 ตรวจด้วยตา,✅ คำตอบ: ค่ามากสุด $=5$
gen-chap-04-coord-q171,gen-chap-04-coord,mc,0,บรรทัดคำตอบไม่ระบุเลขตัวเลือก,🟠 ตรวจด้วยตา,✅ คำตอบ: ระยะสั้นสุด $=\dfrac{3\sqrt{2}}{2}$
gen-chap-04-coord-q179,gen-chap-04-coord,mc,3,บรรทัดคำตอบไม่ระบุเลขตัวเลือก,🟠 ตรวจด้วยตา,✅ คำตอบ: ระยะสั้นสุด $=\dfrac{6\sqrt5}{5}$
gen-chap-04-coord-q180,gen-chap-04-coord,mc,0,บรรทัดคำตอบไม่ระบุเลขตัวเลือก,🟠 ตรวจด้วยตา,✅ คำตอบ: ค่ามากสุด $=10+\sqrt{5}$
gen-chap-04-coord-q184,gen-chap-04-coord,fill,$\dfrac{9}{2}$,ไม่พบค่า $\dfrac{9}{2}$ ในบรรทัดคำตอบ,🟠 ตรวจด้วยตา,✅ คำตอบ: รัศมี $=\dfrac{9}{2}$
gen-chap-04-coord-q190,gen-chap-04-coord,fill,"$m=\pm\dfrac{3}{2},\ \pm\dfrac{\sqrt{10}}{2}$","ไม่พบค่า $m=\pm\dfrac{3}{2},\ \pm\dfrac{\sqrt{10}}{2}$ ในบรรทัดคำตอบ",🟠 ตรวจด้วยตา,✅ คำตอบ: $m=\pm\dfrac{3}{2}$ หรือ $m=\pm\dfrac{\sqrt{10}}{2}$
gen-chap-04-coord-q197,gen-chap-04-coord,fill,"$x-y+2=0,\ 2x+y+1=0$","ไม่พบค่า $x-y+2=0,\ 2x+y+1=0$ ในบรรทัดคำตอบ",🟠 ตรวจด้วยตา,✅ คำตอบ: $x-y+2=0$ และ $2x+y+1=0$
gen-chap-04-coord-q205,gen-chap-04-coord,fill,$3\sqrt{2}$,ไม่พบค่า $3\sqrt{2}$ ในบรรทัดคำตอบ,🟠 ตรวจด้วยตา,✅ คำตอบ: รัศมี $=3\sqrt2$
gen-chap-04-coord-q207,gen-chap-04-coord,mc,2,บรรทัดคำตอบไม่ระบุเลขตัวเลือก,🟠 ตรวจด้วยตา,✅ คำตอบ: มีสองวง ตามตัวเลือกแรก
gen-chap-04-coord-q211,gen-chap-04-coord,fill,$5\sqrt{3}$,ไม่พบค่า $5\sqrt{3}$ ในบรรทัดคำตอบ,🟠 ตรวจด้วยตา,✅ คำตอบ: $AB=5\sqrt3$
gen-chap-04-coord-q214,gen-chap-04-coord,fill,$3\sqrt{5}$,ไม่พบค่า $3\sqrt{5}$ ในบรรทัดคำตอบ,🟠 ตรวจด้วยตา,✅ คำตอบ: $3\sqrt5$
gen-chap-04-coord-q221,gen-chap-04-coord,mc,1,บรรทัดคำตอบไม่ระบุเลขตัวเลือก,🟠 ตรวจด้วยตา,✅ คำตอบ ความยาวเลตัสเรกตัม $=12$
gen-chap-04-coord-q244,gen-chap-04-coord,mc,2,บรรทัดคำตอบไม่ระบุเลขตัวเลือก,🟠 ตรวจด้วยตา,✅ คำตอบ เส้นรอบรูป $=20$
gen-chap-04-coord-q245,gen-chap-04-coord,mc,3,บรรทัดคำตอบไม่ระบุเลขตัวเลือก,🟠 ตรวจด้วยตา,✅ คำตอบ $e=\dfrac{\sqrt2}{2}$
gen-chap-04-coord-q247,gen-chap-04-coord,mc,0,บรรทัดคำตอบไม่ระบุเลขตัวเลือก,🟠 ตรวจด้วยตา,✅ คำตอบ ความชัน $=-\dfrac{1}{2}$
gen-chap-04-coord-q248,gen-chap-04-coord,fill,$3\sqrt{3}$,ไม่พบค่า $3\sqrt{3}$ ในบรรทัดคำตอบ,🟠 ตรวจด้วยตา,✅ คำตอบ พื้นที่ $=3\sqrt3$
gen-chap-04-coord-q249,gen-chap-04-coord,fill,$3\sqrt{2}$,ไม่พบค่า $3\sqrt{2}$ ในบรรทัดคำตอบ,🟠 ตรวจด้วยตา,✅ คำตอบ $CD=3\sqrt2$
gen-chap-04-coord-q251,gen-chap-04-coord,mc,3,บรรทัดคำตอบไม่ระบุเลขตัวเลือก,🟠 ตรวจด้วยตา,✅ คำตอบ พื้นที่ $=3\sqrt3$
gen-chap-04-coord-q255,gen-chap-04-coord,fill,$6\sqrt{3}$,ไม่พบค่า $6\sqrt{3}$ ในบรรทัดคำตอบ,🟠 ตรวจด้วยตา,✅ คำตอบ $6\sqrt3$
gen-chap-04-coord-q256,gen-chap-04-coord,mc,2,บรรทัดคำตอบไม่ระบุเลขตัวเลือก,🟠 ตรวจด้วยตา,✅ คำตอบ $e=\dfrac{3}{2}$
gen-chap-04-coord-q259,gen-chap-04-coord,mc,1,บรรทัดคำตอบไม่ระบุเลขตัวเลือก,🟠 ตรวจด้วยตา,✅ คำตอบ $e=\dfrac{\sqrt3}{3}$
gen-chap-04-coord-q260,gen-chap-04-coord,mc,0,บรรทัดคำตอบไม่ระบุเลขตัวเลือก,🟠 ตรวจด้วยตา,✅ คำตอบ ความชัน $=-\dfrac{9}{32}$
gen-chap-04-coord-q262,gen-chap-04-coord,mc,1,บรรทัดคำตอบไม่ระบุเลขตัวเลือก,🟠 ตรวจด้วยตา,✅ คำตอบ: $e_2=\dfrac{5}{4}$
gen-chap-04-coord-q268,gen-chap-04-coord,mc,1,บรรทัดคำตอบไม่ระบุเลขตัวเลือก,🟠 ตรวจด้วยตา,✅ คำตอบ: $\sqrt7$
gen-chap-04-coord-q278,gen-chap-04-coord,fill,$2√3/3$,ไม่พบค่า $2√3/3$ ในบรรทัดคำตอบ,🟠 ตรวจด้วยตา,✅ คำตอบ: $\dfrac{2\sqrt3}{3}$
gen-chap-04-coord-q285,gen-chap-04-coord,mc,2,บรรทัดคำตอบไม่ระบุเลขตัวเลือก,🟠 ตรวจด้วยตา,✅ คำตอบ $4\sqrt3$
gen-chap-04-coord-q297,gen-chap-04-coord,fill,$4√2$,ไม่พบค่า $4√2$ ในบรรทัดคำตอบ,🟠 ตรวจด้วยตา,✅ คำตอบ $4\sqrt2$
gen-chap-04-coord-q306,gen-chap-04-coord,mc,2,บรรทัดคำตอบไม่ระบุเลขตัวเลือก,🟠 ตรวจด้วยตา,✅ คำตอบ: $R=5$
gen-chap-04-coord-q309,gen-chap-04-coord,fill,$2√10$,ไม่พบค่า $2√10$ ในบรรทัดคำตอบ,🟠 ตรวจด้วยตา,✅ คำตอบ: $2\sqrt{10}$
gen-chap-04-coord-q310,gen-chap-04-coord,fill,$5√2/2$,ไม่พบค่า $5√2/2$ ในบรรทัดคำตอบ,🟠 ตรวจด้วยตา,✅ คำตอบ: $\dfrac{5\sqrt{2}}{2}$
gen-chap-04-coord-q317,gen-chap-04-coord,mc,0,บรรทัดคำตอบไม่ระบุเลขตัวเลือก,🟠 ตรวจด้วยตา,✅ คำตอบ: $k=5$ หรือ $k=-15$
gen-chap-04-coord-q318,gen-chap-04-coord,fill,$4√5$,ไม่พบค่า $4√5$ ในบรรทัดคำตอบ,🟠 ตรวจด้วยตา,✅ คำตอบ: $4\sqrt{5}$
gen-chap-04-coord-q321,gen-chap-04-coord,fill,$3\sqrt{2}$,ไม่พบค่า $3\sqrt{2}$ ในบรรทัดคำตอบ,🟠 ตรวจด้วยตา,✅ คำตอบ $r=3\sqrt{2}$
gen-chap-04-coord-q323,gen-chap-04-coord,fill,$5$,ไม่พบค่า $5$ ในบรรทัดคำตอบ,🟠 ตรวจด้วยตา,✅ คำตอบ $r=5$
gen-chap-04-coord-q330,gen-chap-04-coord,mc,3,บรรทัดคำตอบไม่ระบุเลขตัวเลือก,🟠 ตรวจด้วยตา,✅ คำตอบ $k=9$ หรือ $k=49$
gen-chap-04-coord-q331,gen-chap-04-coord,fill,$3$,ไม่พบค่า $3$ ในบรรทัดคำตอบ,🟠 ตรวจด้วยตา,✅ คำตอบ $r=3$
gen-chap-04-coord-q349,gen-chap-04-coord,mc,1,บรรทัดคำตอบไม่ระบุเลขตัวเลือก,🟠 ตรวจด้วยตา,✅ คำตอบ พื้นที่ $=4$
gen-chap-04-coord-q350,gen-chap-04-coord,fill,$\dfrac{3}{4}$,ไม่พบค่า $\dfrac{3}{4}$ ในบรรทัดคำตอบ,🟠 ตรวจด้วยตา,✅ คำตอบ พิกัด $y$ ของโฟกัส $=\dfrac{3}{4}$
gen-chap-04-coord-q360,gen-chap-04-coord,mc,0,บรรทัดคำตอบไม่ระบุเลขตัวเลือก,🟠 ตรวจด้วยตา,✅ คำตอบ $PF=6$
gen-chap-04-coord-q361,gen-chap-04-coord,mc,3,บรรทัดคำตอบไม่ระบุเลขตัวเลือก,🟠 ตรวจด้วยตา,"✅ คำตอบ: $(2+\sqrt{5},-1)$ และ $(2-\sqrt{5},-1)$"
gen-chap-04-coord-q362,gen-chap-04-coord,fill,$\dfrac{\sqrt{5}}{3}$,ไม่พบค่า $\dfrac{\sqrt{5}}{3}$ ในบรรทัดคำตอบ,🟠 ตรวจด้วยตา,✅ คำตอบ: $e=\dfrac{\sqrt{5}}{3}$
gen-chap-04-coord-q364,gen-chap-04-coord,fill,"(3,0) และ (0,2)","ไม่พบค่า (3,0) และ (0,2) ในบรรทัดคำตอบ",🟠 ตรวจด้วยตา,"✅ คำตอบ: $(3,0)$ และ $(0,2)$"
gen-chap-04-coord-q368,gen-chap-04-coord,fill,$\pm 2$,ไม่พบค่า $\pm 2$ ในบรรทัดคำตอบ,🟠 ตรวจด้วยตา,✅ คำตอบ: $c=\pm2$
gen-chap-04-coord-q369,gen-chap-04-coord,mc,2,บรรทัดคำตอบไม่ระบุเลขตัวเลือก,🟠 ตรวจด้วยตา,✅ คำตอบ: $e=\dfrac{3}{5}$
gen-chap-04-coord-q372,gen-chap-04-coord,fill,x+y=5 และ x+y=-5,ไม่พบค่า x+y=5 และ x+y=-5 ในบรรทัดคำตอบ,🟠 ตรวจด้วยตา,✅ คำตอบ: $x+y=5$ และ $x+y=-5$
gen-chap-05-function-q006,gen-chap-05-function,fill,$\sqrt{2}$,ไม่พบค่า $\sqrt{2}$ ในบรรทัดคำตอบ,🟠 ตรวจด้วยตา,"✅ คำตอบ: $b=\sqrt{2}$ (เรนจ์ $[0,\sqrt{2}]$)"
gen-chap-05-function-q009,gen-chap-05-function,mc,3,บรรทัดคำตอบไม่ระบุเลขตัวเลือก,🟠 ตรวจด้วยตา,"✅ คำตอบ: $\left[-\dfrac{1}{2},\dfrac{1}{6}\right]$"
gen-chap-05-function-q022,gen-chap-05-function,fill,$x^{2} - 1$,ไม่พบค่า $x^{2} - 1$ ในบรรทัดคำตอบ,🟠 ตรวจด้วยตา,✅ คำตอบ: $f(x)=x^2-1$
gen-chap-05-function-q023,gen-chap-05-function,mc,3,บรรทัดคำตอบไม่ระบุเลขตัวเลือก,🟠 ตรวจด้วยตา,✅ คำตอบ: $(f\circ g\circ h)(x)=4x^2-12x+9$
gen-chap-05-function-q024,gen-chap-05-function,fill,$x^{2} + 2 x - 1$,ไม่พบค่า $x^{2} + 2 x - 1$ ในบรรทัดคำตอบ,🟠 ตรวจด้วยตา,✅ คำตอบ: $g(x)=x^2+2x-1$
gen-chap-05-function-q025,gen-chap-05-function,mc,2,บรรทัดคำตอบไม่ระบุเลขตัวเลือก,🟠 ตรวจด้วยตา,✅ คำตอบ: $f^{10}(x)=\dfrac{x}{10x+1}$
gen-chap-05-function-q032,gen-chap-05-function,mc,2,บรรทัดคำตอบไม่ระบุเลขตัวเลือก,🟠 ตรวจด้วยตา,✅ คำตอบ: $f^{-1}(10)=2$
gen-chap-05-function-q033,gen-chap-05-function,fill,(x+2)/(3-x),ไม่พบค่า (x+2)/(3-x) ในบรรทัดคำตอบ,🟠 ตรวจด้วยตา,✅ คำตอบ: $f^{-1}(x)=\dfrac{x+2}{3-x}$ (โดเมน $x\ne 3$)
gen-chap-05-function-q036,gen-chap-05-function,mc,1,บรรทัดคำตอบไม่ระบุเลขตัวเลือก,🟠 ตรวจด้วยตา,✅ คำตอบ: $k=2$
gen-chap-05-function-q037,gen-chap-05-function,fill,$-2-\sqrt{\dfrac{x+3}{2}}$,ไม่พบค่า $-2-\sqrt{\dfrac{x+3}{2}}$ ในบรรทัดคำตอบ,🟠 ตรวจด้วยตา,"✅ คำตอบ: $f^{-1}(x)=-2-\sqrt{\dfrac{x+3}{2}},\ x\ge -3$"
gen-chap-05-function-q038,gen-chap-05-function,mc,2,บรรทัดคำตอบไม่ระบุเลขตัวเลือก,🟠 ตรวจด้วยตา,✅ คำตอบ: $(f\circ g)^{-1}(x)=\dfrac{3x-5}{2}$
gen-chap-05-function-q074,gen-chap-05-function,mc,1,บรรทัดคำตอบไม่ระบุเลขตัวเลือก,🟠 ตรวจด้วยตา,"✅ คำตอบ: $(-\infty,-\sqrt3\,]\cup[\sqrt3,\infty)$"
gen-chap-05-function-q089,gen-chap-05-function,fill,$2\sqrt{2}$,ไม่พบค่า $2\sqrt{2}$ ในบรรทัดคำตอบ,🟠 ตรวจด้วยตา,✅ คำตอบ: ค่าสูงสุด $=2\sqrt{2}$
gen-chap-05-function-q151,gen-chap-05-function,mc,2,บรรทัดคำตอบไม่ระบุเลขตัวเลือก,🟠 ตรวจด้วยตา,✅ คำตอบ: $(f\circ g)(-1)=7$
gen-chap-05-function-q154,gen-chap-05-function,fill,$x^{2} - x - 2$,ไม่พบค่า $x^{2} - x - 2$ ในบรรทัดคำตอบ,🟠 ตรวจด้วยตา,✅ คำตอบ: $f(x)=x^2-x-2$
gen-chap-05-function-q155,gen-chap-05-function,mc,0,บรรทัดคำตอบไม่ระบุเลขตัวเลือก,🟠 ตรวจด้วยตา,✅ คำตอบ: $g(x)=x^2-2x$
gen-chap-05-function-q157,gen-chap-05-function,mc,3,บรรทัดคำตอบไม่ระบุเลขตัวเลือก,🟠 ตรวจด้วยตา,✅ คำตอบ: $(f\circ g\circ h)(x)=2x+2$
gen-chap-05-function-q161,gen-chap-05-function,fill,$x^{2} + 2 x$,ไม่พบค่า $x^{2} + 2 x$ ในบรรทัดคำตอบ,🟠 ตรวจด้วยตา,✅ คำตอบ: $f(x)=x^2+2x$
gen-chap-05-function-q162,gen-chap-05-function,fill,$x^{2} + 3 x + 1$,ไม่พบค่า $x^{2} + 3 x + 1$ ในบรรทัดคำตอบ,🟠 ตรวจด้วยตา,✅ คำตอบ: $f(x)=x^2+3x+1$
gen-chap-05-function-q163,gen-chap-05-function,fill,$4 x^{2} - 4 x + 2$,ไม่พบค่า $4 x^{2} - 4 x + 2$ ในบรรทัดคำตอบ,🟠 ตรวจด้วยตา,✅ คำตอบ: $(f\circ g\circ h)(x)=4x^2-4x+2$
gen-chap-05-function-q168,gen-chap-05-function,fill,$2 x^{2} - 5 x + 3$,ไม่พบค่า $2 x^{2} - 5 x + 3$ ในบรรทัดคำตอบ,🟠 ตรวจด้วยตา,✅ คำตอบ: $f(x)=2x^2-5x+3$
gen-chap-05-function-q172,gen-chap-05-function,mc,1,บรรทัดคำตอบไม่ระบุเลขตัวเลือก,🟠 ตรวจด้วยตา,✅ คำตอบ: $(f\circ f)(12)=4$
gen-chap-05-function-q178,gen-chap-05-function,mc,3,บรรทัดคำตอบไม่ระบุเลขตัวเลือก,🟠 ตรวจด้วยตา,✅ คำตอบ: $f^{100}(3)=-\dfrac14$
gen-chap-05-function-q180,gen-chap-05-function,mc,3,บรรทัดคำตอบไม่ระบุเลขตัวเลือก,🟠 ตรวจด้วยตา,✅ คำตอบ: $f^{2570}(3)=-\dfrac13$
gen-chap-05-function-q185,gen-chap-05-function,fill,-1/6,ไม่พบค่า -1/6 ในบรรทัดคำตอบ,🟠 ตรวจด้วยตา,✅ คำตอบ: $f^{5}(-1)=-\dfrac16$
gen-chap-05-function-q186,gen-chap-05-function,mc,0,บรรทัดคำตอบไม่ระบุเลขตัวเลือก,🟠 ตรวจด้วยตา,✅ คำตอบ: $f^{3}(\sqrt5)=\dfrac{\sqrt5}{4}$
gen-chap-05-function-q190,gen-chap-05-function,mc,2,บรรทัดคำตอบไม่ระบุเลขตัวเลือก,🟠 ตรวจด้วยตา,✅ คำตอบ: $f^{3}(2)=\dfrac{27}{23}$
gen-chap-05-function-q192,gen-chap-05-function,fill,2/x+3,ไม่พบค่า 2/x+3 ในบรรทัดคำตอบ,🟠 ตรวจด้วยตา,✅ คำตอบ: $f^{-1}(x)=\dfrac{2}{x}+3$ (หรือ $\dfrac{3x+2}{x}$)
gen-chap-05-function-q195,gen-chap-05-function,mc,0,บรรทัดคำตอบไม่ระบุเลขตัวเลือก,🟠 ตรวจด้วยตา,✅ คำตอบ: $f^{-1}(4)=2$
gen-chap-05-function-q199,gen-chap-05-function,mc,2,บรรทัดคำตอบไม่ระบุเลขตัวเลือก,🟠 ตรวจด้วยตา,✅ คำตอบ: $\left(g\circ f\right)^{-1}(x)=2x-1$
gen-chap-05-function-q207,gen-chap-05-function,mc,1,บรรทัดคำตอบไม่ระบุเลขตัวเลือก,🟠 ตรวจด้วยตา,✅ คำตอบ: $\left(f\circ g\right)^{-1}(x)=\dfrac{x-1}{3}$
gen-chap-05-function-q208,gen-chap-05-function,mc,0,บรรทัดคำตอบไม่ระบุเลขตัวเลือก,🟠 ตรวจด้วยตา,✅ คำตอบ: $g(x)=2x-2$
gen-chap-05-function-q212,gen-chap-05-function,mc,3,บรรทัดคำตอบไม่ระบุเลขตัวเลือก,🟠 ตรวจด้วยตา,✅ คำตอบ: $f^{-1}(4)=-9$
gen-chap-05-function-q213,gen-chap-05-function,mc,0,บรรทัดคำตอบไม่ระบุเลขตัวเลือก,🟠 ตรวจด้วยตา,✅ คำตอบ: $f^{-1}(5)=2$
gen-chap-05-function-q214,gen-chap-05-function,mc,1,บรรทัดคำตอบไม่ระบุเลขตัวเลือก,🟠 ตรวจด้วยตา,✅ คำตอบ: $m=-1$
gen-chap-05-function-q216,gen-chap-05-function,mc,0,บรรทัดคำตอบไม่ระบุเลขตัวเลือก,🟠 ตรวจด้วยตา,✅ คำตอบ: $k=-11$
gen-chap-05-function-q219,gen-chap-05-function,mc,0,บรรทัดคำตอบไม่ระบุเลขตัวเลือก,🟠 ตรวจด้วยตา,✅ คำตอบ: ตัวเลือกที่มี $\dfrac{x-2}{3}$ (สำหรับ $x\le 2$) และ $\sqrt{x-2}$ (สำหรับ $x\gt 2$)
gen-chap-05-function-q223,gen-chap-05-function,fill,(x+20)/9,ไม่พบค่า (x+20)/9 ในบรรทัดคำตอบ,🟠 ตรวจด้วยตา,✅ คำตอบ: $(f^{-1}\circ f^{-1})(x)=\dfrac{x+20}{9}$
gen-chap-05-function-q224,gen-chap-05-function,mc,3,บรรทัดคำตอบไม่ระบุเลขตัวเลือก,🟠 ตรวจด้วยตา,✅ คำตอบ: $f^{-1}(0)=1$
gen-chap-05-function-q230,gen-chap-05-function,mc,0,บรรทัดคำตอบไม่ระบุเลขตัวเลือก,🟠 ตรวจด้วยตา,✅ คำตอบ: $g(4)=1$
gen-chap-05-function-q231,gen-chap-05-function,mc,3,บรรทัดคำตอบไม่ระบุเลขตัวเลือก,🟠 ตรวจด้วยตา,✅ คำตอบ: $g(6)=4$
gen-chap-05-function-q232,gen-chap-05-function,mc,0,บรรทัดคำตอบไม่ระบุเลขตัวเลือก,🟠 ตรวจด้วยตา,✅ คำตอบ: $g(2)=-3$
gen-chap-05-function-q234,gen-chap-05-function,mc,3,บรรทัดคำตอบไม่ระบุเลขตัวเลือก,🟠 ตรวจด้วยตา,✅ คำตอบ: $h^{-1}(9)=5$
gen-chap-05-function-q236,gen-chap-05-function,mc,3,บรรทัดคำตอบไม่ระบุเลขตัวเลือก,🟠 ตรวจด้วยตา,✅ คำตอบ: $(f\circ g)^{-1}(4)=\dfrac{1}{2}$
gen-chap-05-function-q240,gen-chap-05-function,mc,3,บรรทัดคำตอบไม่ระบุเลขตัวเลือก,🟠 ตรวจด้วยตา,✅ คำตอบ: $a=3$
gen-chap-05-function-q242,gen-chap-05-function,mc,1,บรรทัดคำตอบไม่ระบุเลขตัวเลือก,🟠 ตรวจด้วยตา,✅ คำตอบ: $f(5)=17$
gen-chap-05-function-q243,gen-chap-05-function,mc,1,บรรทัดคำตอบไม่ระบุเลขตัวเลือก,🟠 ตรวจด้วยตา,✅ คำตอบ: $(g\circ f)^{-1}(12)=2$
gen-chap-05-function-q250,gen-chap-05-function,mc,3,บรรทัดคำตอบไม่ระบุเลขตัวเลือก,🟠 ตรวจด้วยตา,✅ คำตอบ: $a=4$
gen-chap-05-function-q253,gen-chap-05-function,fill,$3 \left(x - 1\right)^{2} - 2$,ไม่พบค่า $3 \left(x - 1\right)^{2} - 2$ ในบรรทัดคำตอบ,🟠 ตรวจด้วยตา,✅ คำตอบ: $y=3(x-1)^2-2$ (หรือ $3x^2-6x+1$)
gen-chap-05-function-q261,gen-chap-05-function,fill,$5 - 4 \left(x - 3\right)^{2}$,ไม่พบค่า $5 - 4 \left(x - 3\right)^{2}$ ในบรรทัดคำตอบ,🟠 ตรวจด้วยตา,✅ คำตอบ: $y=-4(x-3)^2+5$ (หรือ $-4x^2+24x-31$)
gen-chap-05-function-q263,gen-chap-05-function,fill,$\sqrt{x+4}-1$,ไม่พบค่า $\sqrt{x+4}-1$ ในบรรทัดคำตอบ,🟠 ตรวจด้วยตา,✅ คำตอบ: $g^{-1}(x)=\sqrt{x+4}-1$ (โดเมน $x\ge -4$)
gen-chap-05-function-q271,gen-chap-05-function,mc,1,บรรทัดคำตอบไม่ระบุเลขตัวเลือก,🟠 ตรวจด้วยตา,✅ คำตอบ: $f(2)=-1$
gen-chap-05-function-q273,gen-chap-05-function,mc,1,บรรทัดคำตอบไม่ระบุเลขตัวเลือก,🟠 ตรวจด้วยตา,✅ คำตอบ: $f(3)=27$
gen-chap-05-function-q277,gen-chap-05-function,fill,1-1/x,ไม่พบค่า 1-1/x ในบรรทัดคำตอบ,🟠 ตรวจด้วยตา,✅ คำตอบ: $f(x)=1-\dfrac{1}{x}=\dfrac{x-1}{x}$
gen-chap-05-function-q278,gen-chap-05-function,mc,1,บรรทัดคำตอบไม่ระบุเลขตัวเลือก,🟠 ตรวจด้วยตา,✅ คำตอบ: $f(2)=0$
gen-chap-05-function-q280,gen-chap-05-function,mc,1,บรรทัดคำตอบไม่ระบุเลขตัวเลือก,🟠 ตรวจด้วยตา,✅ คำตอบ: $f(1)=-4$
gen-chap-05-function-q284,gen-chap-05-function,mc,3,บรรทัดคำตอบไม่ระบุเลขตัวเลือก,🟠 ตรวจด้วยตา,✅ คำตอบ: $f(3)+f(-3)=10$
gen-chap-05-function-q286,gen-chap-05-function,fill,$x^{2} + \frac{1}{x}$,ไม่พบค่า $x^{2} + \frac{1}{x}$ ในบรรทัดคำตอบ,🟠 ตรวจด้วยตา,✅ คำตอบ: $f(x)=x^2+\dfrac{1}{x}=\dfrac{x^3+1}{x}$
gen-chap-05-function-q287,gen-chap-05-function,mc,2,บรรทัดคำตอบไม่ระบุเลขตัวเลือก,🟠 ตรวจด้วยตา,✅ คำตอบ: $x=1$
gen-chap-05-function-q288,gen-chap-05-function,mc,1,บรรทัดคำตอบไม่ระบุเลขตัวเลือก,🟠 ตรวจด้วยตา,✅ คำตอบ: $f\left(\dfrac52\right)=10$
gen-chap-05-function-q289,gen-chap-05-function,fill,1/2,ไม่พบค่า 1/2 ในบรรทัดคำตอบ,🟠 ตรวจด้วยตา,✅ คำตอบ: $f\left(-\dfrac12\right)=\dfrac12$
gen-chap-05-function-q290,gen-chap-05-function,mc,1,บรรทัดคำตอบไม่ระบุเลขตัวเลือก,🟠 ตรวจด้วยตา,✅ คำตอบ: $f(f(2))=14$
gen-chap-05-function-q292,gen-chap-05-function,fill,$2 x^{2} + 4$,ไม่พบค่า $2 x^{2} + 4$ ในบรรทัดคำตอบ,🟠 ตรวจด้วยตา,✅ คำตอบ: $E(x)=2x^2+4$
gen-chap-05-function-q296,gen-chap-05-function,mc,3,บรรทัดคำตอบไม่ระบุเลขตัวเลือก,🟠 ตรวจด้วยตา,✅ คำตอบ: $a+b=2$
gen-chap-05-function-q308,gen-chap-05-function,fill,-1/4,ไม่พบค่า -1/4 ในบรรทัดคำตอบ,🟠 ตรวจด้วยตา,✅ คำตอบ: $f(1)=-\dfrac14$
gen-chap-05-function-q309,gen-chap-05-function,fill,$\frac{x}{x^{2} - 4}$,ไม่พบค่า $\frac{x}{x^{2} - 4}$ ในบรรทัดคำตอบ,🟠 ตรวจด้วยตา,✅ คำตอบ: $O(x)=\dfrac{x}{x^2-4}$
gen-chap-05-function-q311,gen-chap-05-function,mc,2,บรรทัดคำตอบไม่ระบุเลขตัวเลือก,🟠 ตรวจด้วยตา,✅ คำตอบ: $(f\circ g)(2)=10$
gen-chap-05-function-q314,gen-chap-05-function,fill,$x^{2} + 2 x$,ไม่พบค่า $x^{2} + 2 x$ ในบรรทัดคำตอบ,🟠 ตรวจด้วยตา,✅ คำตอบ: $f(x)=x^{2}+2x$
gen-chap-05-function-q316,gen-chap-05-function,fill,$\left(x - 3\right)^{2} + 2$,ไม่พบค่า $\left(x - 3\right)^{2} + 2$ ในบรรทัดคำตอบ,🟠 ตรวจด้วยตา,"✅ คำตอบ: $f^{-1}(x)=(x-3)^{2}+2,\ x\ge 3$"
gen-chap-05-function-q317,gen-chap-05-function,mc,3,บรรทัดคำตอบไม่ระบุเลขตัวเลือก,🟠 ตรวจด้วยตา,✅ คำตอบ: $(f\circ g)^{-1}(x)=\dfrac{x+10}{3}$
gen-chap-05-function-q318,gen-chap-05-function,fill,$x^{2} + 2 x$,ไม่พบค่า $x^{2} + 2 x$ ในบรรทัดคำตอบ,🟠 ตรวจด้วยตา,✅ คำตอบ: $g(x)=x^{2}+2x$
gen-chap-05-function-q319,gen-chap-05-function,mc,0,บรรทัดคำตอบไม่ระบุเลขตัวเลือก,🟠 ตรวจด้วยตา,✅ คำตอบ: $(f\circ g\circ h)(x)=\sqrt{x^{2}+7}$
gen-chap-05-function-q325,gen-chap-05-function,fill,$x^{2} + x + 3$,ไม่พบค่า $x^{2} + x + 3$ ในบรรทัดคำตอบ,🟠 ตรวจด้วยตา,✅ คำตอบ: $f(x)=x^{2}+x+3$
gen-chap-05-function-q326,gen-chap-05-function,mc,2,บรรทัดคำตอบไม่ระบุเลขตัวเลือก,🟠 ตรวจด้วยตา,✅ คำตอบ: $(f\circ g)^{-1}(x)=\dfrac{3x-2}{x-1}$
gen-chap-05-function-q329,gen-chap-05-function,fill,(x-2)/2,ไม่พบค่า (x-2)/2 ในบรรทัดคำตอบ,🟠 ตรวจด้วยตา,✅ คำตอบ: $g(x)=\dfrac{x-2}{2}$
gen-chap-05-function-q339,gen-chap-05-function,mc,1,บรรทัดคำตอบไม่ระบุเลขตัวเลือก,🟠 ตรวจด้วยตา,✅ คำตอบ: $f^{(2571)}(2)=\dfrac{1}{3}$
gen-chap-05-function-q341,gen-chap-05-function,mc,0,บรรทัดคำตอบไม่ระบุเลขตัวเลือก,🟠 ตรวจด้วยตา,✅ คำตอบ: $f(9)=513$
gen-chap-05-function-q343,gen-chap-05-function,mc,2,บรรทัดคำตอบไม่ระบุเลขตัวเลือก,🟠 ตรวจด้วยตา,✅ คำตอบ: ผลบวกคำตอบ $=-2$
gen-chap-05-function-q346,gen-chap-05-function,mc,2,บรรทัดคำตอบไม่ระบุเลขตัวเลือก,🟠 ตรวจด้วยตา,✅ คำตอบ: $f(2)=-1$
gen-chap-05-function-q348,gen-chap-05-function,mc,1,บรรทัดคำตอบไม่ระบุเลขตัวเลือก,🟠 ตรวจด้วยตา,✅ คำตอบ: $F(2)=1$
gen-chap-05-function-q350,gen-chap-05-function,mc,2,บรรทัดคำตอบไม่ระบุเลขตัวเลือก,🟠 ตรวจด้วยตา,✅ คำตอบ: $f(2)=\dfrac{7}{6}$
gen-chap-05-function-q359,gen-chap-05-function,fill,1/3,ไม่พบค่า 1/3 ในบรรทัดคำตอบ,🟠 ตรวจด้วยตา,✅ คำตอบ: $f^{[8]}(1)=\dfrac13$
gen-chap-05-function-q363,gen-chap-05-function,mc,3,บรรทัดคำตอบไม่ระบุเลขตัวเลือก,🟠 ตรวจด้วยตา,✅ คำตอบ: $g(2)=1$
gen-chap-05-function-q364,gen-chap-05-function,mc,1,บรรทัดคำตอบไม่ระบุเลขตัวเลือก,🟠 ตรวจด้วยตา,✅ คำตอบ: $f(2)=-\dfrac23$
gen-chap-05-function-q365,gen-chap-05-function,mc,3,บรรทัดคำตอบไม่ระบุเลขตัวเลือก,🟠 ตรวจด้วยตา,✅ คำตอบ: ผลบวก $=2$
gen-chap-05-function-q369,gen-chap-05-function,fill,(x+5)/2,ไม่พบค่า (x+5)/2 ในบรรทัดคำตอบ,🟠 ตรวจด้วยตา,✅ คำตอบ: $(f\circ g)^{-1}(x)=\dfrac{x+5}{2}$
gen-chap-05-function-q370,gen-chap-05-function,mc,0,บรรทัดคำตอบไม่ระบุเลขตัวเลือก,🟠 ตรวจด้วยตา,✅ คำตอบ: $f(x)=2x-3$
gen-chap-05-function-q371,gen-chap-05-function,mc,0,บรรทัดคำตอบไม่ระบุเลขตัวเลือก,🟠 ตรวจด้วยตา,"✅ คำตอบ: เรนจ์ $=\{-1,0,3\}$"
gen-chap-05-function-q377,gen-chap-05-function,mc,3,บรรทัดคำตอบไม่ระบุเลขตัวเลือก,🟠 ตรวจด้วยตา,"✅ คำตอบ: เรนจ์ $=[-1,\infty)$"
gen-chap-05-function-q382,gen-chap-05-function,fill,$x^{2} + 2 x + 1$,ไม่พบค่า $x^{2} + 2 x + 1$ ในบรรทัดคำตอบ,🟠 ตรวจด้วยตา,✅ คำตอบ: $f(x)=x^2+2x+1$
gen-chap-05-function-q383,gen-chap-05-function,mc,3,บรรทัดคำตอบไม่ระบุเลขตัวเลือก,🟠 ตรวจด้วยตา,✅ คำตอบ: ค่าสูงสุด $=9$
gen-chap-05-function-q385,gen-chap-05-function,mc,3,บรรทัดคำตอบไม่ระบุเลขตัวเลือก,🟠 ตรวจด้วยตา,✅ คำตอบ: $g(2)=-10$
gen-chap-05-function-q388,gen-chap-05-function,mc,0,บรรทัดคำตอบไม่ระบุเลขตัวเลือก,🟠 ตรวจด้วยตา,✅ คำตอบ: $a=3$
gen-chap-05-function-q391,gen-chap-05-function,mc,0,บรรทัดคำตอบไม่ระบุเลขตัวเลือก,🟠 ตรวจด้วยตา,✅ คำตอบ: $(g\circ f)(2)=17$
gen-chap-05-function-q392,gen-chap-05-function,mc,0,บรรทัดคำตอบไม่ระบุเลขตัวเลือก,🟠 ตรวจด้วยตา,✅ คำตอบ: $E(x)=-5x^2-1$
gen-chap-05-function-q393,gen-chap-05-function,fill,(x-3)/2,ไม่พบค่า (x-3)/2 ในบรรทัดคำตอบ,🟠 ตรวจด้วยตา,✅ คำตอบ: $f^{-1}(x)=\dfrac{x-3}{2}$
gen-chap-05-function-q395,gen-chap-05-function,fill,$3 x - 1$,ไม่พบค่า $3 x - 1$ ในบรรทัดคำตอบ,🟠 ตรวจด้วยตา,✅ คำตอบ: $f(x)=3x-1$
gen-chap-05-function-q396,gen-chap-05-function,mc,2,บรรทัดคำตอบไม่ระบุเลขตัวเลือก,🟠 ตรวจด้วยตา,✅ คำตอบ: $f^{6}(1)=253$
gen-chap-05-function-q397,gen-chap-05-function,fill,$\frac{3 x - 11}{x - 4}$,ไม่พบค่า $\frac{3 x - 11}{x - 4}$ ในบรรทัดคำตอบ,🟠 ตรวจด้วยตา,✅ คำตอบ: $g^{-1}(x)=\dfrac{3x-11}{x-4}$
gen-chap-05-function-q400,gen-chap-05-function,fill,$- x^{2} + \frac{2}{x^{2}}$,ไม่พบค่า $- x^{2} + \frac{2}{x^{2}}$ ในบรรทัดคำตอบ,🟠 ตรวจด้วยตา,✅ คำตอบ: $f(x)=-x^2+\dfrac{2}{x^2}$
gen-chap-07-trigonometry-q088,gen-chap-07-trigonometry,mc,1,บรรทัดคำตอบไม่ระบุเลขตัวเลือก,🟠 ตรวจด้วยตา,• ถ้าทำโจทย์แบบนี้บ่อย ให้เก็บผลทั่วไปไว้ใช้ตรวจคำตอบ : เส้นแบ่งครึ่งมุม $A$ ในสามเหลี่ยมที่มีด้านประกบยาว $b$ กับ $c$ จะยาว $\dfrac{2bc\cos\dfrac{A}{2}}{b + c}$ ข้อนี้แทนค่าได้ $\dfrac{2(15)(10)\left
gen-chap-07-trigonometry-q095,gen-chap-07-trigonometry,mc,2,บรรทัดคำตอบไม่ระบุเลขตัวเลือก,🟠 ตรวจด้วยตา,• เช็คด้วยสามัญสำนึกก่อนวงคำตอบ : มุม $\dfrac{5\pi}{9}$ เรเดียน มีค่าประมาณ $1.75$ ซึ่งมากกว่า $1$ เรเดียนอยู่พอควร ส่วนโค้งจึงต้องยาวกว่ารัศมีประมาณ $1.75$ เท่า ลองคูณดู $6 \times 1.75$ ได้ประมาณ $10
gen-chap-07-trigonometry-q128,gen-chap-07-trigonometry,mc,3,บรรทัดคำตอบไม่ระบุเลขตัวเลือก,🟠 ตรวจด้วยตา,• ใช้ขอบเขตเป็นตะแกรงกรองก่อนวงคำตอบ : สำหรับมุมแหลม $\sec$ และ $\csc$ ต่างก็ไม่น้อยกว่า $1$ ⇒ ผลบวกของทั้งคู่ต้องไม่น้อยกว่า $2$ · ค่าใดที่ต่ำกว่า $2$ ตัดทิ้งได้เลยโดยไม่ต้องคำนวณ เทคนิคนี้ตัดค่าที่ผ
gen-chap-07-trigonometry-q138,gen-chap-07-trigonometry,fill,-48/7,ไม่พบค่า -48/7 ในบรรทัดคำตอบ,🟠 ตรวจด้วยตา,✅ คำตอบ ค่าของนิพจน์ที่โจทย์ถามเท่ากับ $-\dfrac{48}{7}$
gen-chap-07-trigonometry-q142,gen-chap-07-trigonometry,mc,2,บรรทัดคำตอบไม่ระบุเลขตัวเลือก,🟠 ตรวจด้วยตา,• ตรวจความสมเหตุสมผลอย่างเร็วก่อนวงคำตอบ : เมื่อ $\tan\theta = 4$ ถือว่าใหญ่พอสมควร พจน์ที่มี $\sin\theta$ จะเด่นกว่าพจน์ที่มี $\cos\theta$ ⇒ ค่าของนิพจน์ควรใกล้ ๆ $\dfrac{3\sin\theta}{\sin\theta} = 3
gen-chap-07-trigonometry-q155,gen-chap-07-trigonometry,fill,-64/289,ไม่พบค่า -64/289 ในบรรทัดคำตอบ,🟠 ตรวจด้วยตา,✅ คำตอบ ผลคูณของพิกัดที่หนึ่งของจุด $A$ กับพิกัดที่หนึ่งของจุด $B$ เท่ากับ $-\dfrac{64}{289}$ ซึ่งเป็นผลคูณของพิกัดสองจำนวนบนวงกลมหนึ่งหน่วย จึงเป็นจำนวนล้วนที่ไม่มีหน่วย
gen-chap-07-trigonometry-q167,gen-chap-07-trigonometry,mc,2,บรรทัดคำตอบไม่ระบุเลขตัวเลือก,🟠 ตรวจด้วยตา,• ด่านตรวจเร็วหลังได้คำตอบ : ถ้าสมการแยกได้เป็นผลคูณของตัวประกอบสองตัว ให้นับว่าแต่ละตัวประกอบให้รากกี่ตัวในหนึ่งรอบแล้วบวกกัน
gen-chap-07-trigonometry-q187,gen-chap-07-trigonometry,mc,2,บรรทัดคำตอบไม่ระบุเลขตัวเลือก,🟠 ตรวจด้วยตา,✅ คำตอบ: $\sin\left(\theta+\dfrac{\pi}{3}\right) = \dfrac{15}{34} - \dfrac{4\sqrt{3}}{17}$
gen-chap-07-trigonometry-q188,gen-chap-07-trigonometry,mc,1,บรรทัดคำตอบไม่ระบุเลขตัวเลือก,🟠 ตรวจด้วยตา,✅ คำตอบ: $\sin 2\theta = -\dfrac{120}{169}$
gen-chap-07-trigonometry-q190,gen-chap-07-trigonometry,mc,2,บรรทัดคำตอบไม่ระบุเลขตัวเลือก,🟠 ตรวจด้วยตา,✅ คำตอบ: $\arccos\left(\cos\dfrac{7\pi}{6}\right) = \dfrac{5\pi}{6}$
gen-chap-07-trigonometry-q197,gen-chap-07-trigonometry,mc,3,บรรทัดคำตอบไม่ระบุเลขตัวเลือก,🟠 ตรวจด้วยตา,✅ คำตอบ: $\cos 2\theta = \dfrac{7}{9}$
gen-chap-07-trigonometry-q201,gen-chap-07-trigonometry,mc,2,บรรทัดคำตอบไม่ระบุเลขตัวเลือก,🟠 ตรวจด้วยตา,✅ คำตอบ: $\sec\theta + \tan\theta = \dfrac{1}{3}$
gen-chap-07-trigonometry-q205,gen-chap-07-trigonometry,mc,2,บรรทัดคำตอบไม่ระบุเลขตัวเลือก,🟠 ตรวจด้วยตา,✅ คำตอบ: $\theta = \dfrac{2\pi}{3}$
gen-chap-07-trigonometry-q219,gen-chap-07-trigonometry,mc,3,บรรทัดคำตอบไม่ระบุเลขตัวเลือก,🟠 ตรวจด้วยตา,✅ คำตอบ: $BC = 14$ หน่วย
gen-chap-07-trigonometry-q222,gen-chap-07-trigonometry,mc,2,บรรทัดคำตอบไม่ระบุเลขตัวเลือก,🟠 ตรวจด้วยตา,✅ คำตอบ: $\cos 2\theta = \dfrac{7}{25}$
gen-chap-07-trigonometry-q226,gen-chap-07-trigonometry,mc,2,บรรทัดคำตอบไม่ระบุเลขตัวเลือก,🟠 ตรวจด้วยตา,✅ คำตอบ: $\theta = \dfrac{\pi}{4}$
gen-chap-07-trigonometry-q233,gen-chap-07-trigonometry,mc,0,บรรทัดคำตอบไม่ระบุเลขตัวเลือก,🟠 ตรวจด้วยตา,✅ คำตอบ: $\tan\theta - \cot\theta = -2\sqrt{3}$
gen-chap-07-trigonometry-q241,gen-chap-07-trigonometry,mc,2,บรรทัดคำตอบไม่ระบุเลขตัวเลือก,🟠 ตรวจด้วยตา,✅ คำตอบ: $\cos\dfrac{\pi}{8} = \dfrac{\sqrt{2+\sqrt{2}}}{2}$
gen-chap-07-trigonometry-q244,gen-chap-07-trigonometry,mc,2,บรรทัดคำตอบไม่ระบุเลขตัวเลือก,🟠 ตรวจด้วยตา,✅ คำตอบ: $\tan\dfrac{\theta}{2} = \dfrac{1}{2}$
gen-chap-12-probability-rv002,gen-chap-12-probability,mc,1,บรรทัดคำตอบไม่ระบุเลขตัวเลือก,🟠 ตรวจด้วยตา,✅ คำตอบ $k = 0.6$
gen-chap-12-probability-rv003,gen-chap-12-probability,mc,2,บรรทัดคำตอบไม่ระบุเลขตัวเลือก,🟠 ตรวจด้วยตา,✅ คำตอบ $k = 0.4$
gen-chap-12-probability-rv005,gen-chap-12-probability,mc,0,บรรทัดคำตอบไม่ระบุเลขตัวเลือก,🟠 ตรวจด้วยตา,✅ คำตอบ $k = 0.4$
gen-chap-12-probability-rv006,gen-chap-12-probability,mc,1,บรรทัดคำตอบไม่ระบุเลขตัวเลือก,🟠 ตรวจด้วยตา,✅ คำตอบ $k = 0.6$
gen-chap-12-probability-rv008,gen-chap-12-probability,mc,3,บรรทัดคำตอบไม่ระบุเลขตัวเลือก,🟠 ตรวจด้วยตา,✅ คำตอบ $k = 0.3$
gen-chap-12-probability-rv009,gen-chap-12-probability,mc,0,บรรทัดคำตอบไม่ระบุเลขตัวเลือก,🟠 ตรวจด้วยตา,✅ คำตอบ $k = 0.5$
gen-chap-12-probability-rv075,gen-chap-12-probability,fill,"a=2, b=3","ไม่พบค่า a=2, b=3 ในบรรทัดคำตอบ",🟠 ตรวจด้วยตา,"✅ คำตอบ $a=2,\ b=3$"
gen-chap-12-probability-rv077,gen-chap-12-probability,fill,"a=2, b=4","ไม่พบค่า a=2, b=4 ในบรรทัดคำตอบ",🟠 ตรวจด้วยตา,"✅ คำตอบ $a=2,\ b=4$"
gen-chap-12-probability-rv097,gen-chap-12-probability,fill,"n=10, p=0.4","ไม่พบค่า n=10, p=0.4 ในบรรทัดคำตอบ",🟠 ตรวจด้วยตา,"✅ คำตอบ $n=10,\ p=0.4$"
gen-chap-12-probability-rv098,gen-chap-12-probability,fill,"n=8, p=0.5","ไม่พบค่า n=8, p=0.5 ในบรรทัดคำตอบ",🟠 ตรวจด้วยตา,"✅ คำตอบ $n=8,\ p=0.5$"
gen-chap-12-probability-rv099,gen-chap-12-probability,fill,"n=20, p=0.2","ไม่พบค่า n=20, p=0.2 ในบรรทัดคำตอบ",🟠 ตรวจด้วยตา,"✅ คำตอบ $n=20,\ p=0.2$"
gen-chap-12-probability-rv100,gen-chap-12-probability,fill,"n=12, p=0.25","ไม่พบค่า n=12, p=0.25 ในบรรทัดคำตอบ",🟠 ตรวจด้วยตา,"✅ คำตอบ $n=12,\ p=0.25$"
gen-chap-18-interest-and-value-of-money-q01,gen-chap-18-interest-and-value-of-money,mc,1,บรรทัดคำตอบไม่ระบุเลขตัวเลือก,🟠 ตรวจด้วยตา,✅ คำตอบ
gen-chap-18-interest-and-value-of-money-q02,gen-chap-18-interest-and-value-of-money,mc,0,บรรทัดคำตอบไม่ระบุเลขตัวเลือก,🟠 ตรวจด้วยตา,✅ คำตอบ
gen-chap-18-interest-and-value-of-money-q03,gen-chap-18-interest-and-value-of-money,mc,1,บรรทัดคำตอบไม่ระบุเลขตัวเลือก,🟠 ตรวจด้วยตา,✅ คำตอบ
gen-chap-18-interest-and-value-of-money-q04,gen-chap-18-interest-and-value-of-money,mc,2,บรรทัดคำตอบไม่ระบุเลขตัวเลือก,🟠 ตรวจด้วยตา,✅ คำตอบ
gen-chap-18-interest-and-value-of-money-q05,gen-chap-18-interest-and-value-of-money,mc,0,บรรทัดคำตอบไม่ระบุเลขตัวเลือก,🟠 ตรวจด้วยตา,✅ คำตอบ
gen-chap-18-interest-and-value-of-money-q06,gen-chap-18-interest-and-value-of-money,mc,0,บรรทัดคำตอบไม่ระบุเลขตัวเลือก,🟠 ตรวจด้วยตา,✅ คำตอบ
gen-chap-18-interest-and-value-of-money-q07,gen-chap-18-interest-and-value-of-money,mc,3,บรรทัดคำตอบไม่ระบุเลขตัวเลือก,🟠 ตรวจด้วยตา,✅ คำตอบ
gen-chap-18-interest-and-value-of-money-q08,gen-chap-18-interest-and-value-of-money,fill,12,ไม่พบค่า 12 ในบรรทัดคำตอบ,🟠 ตรวจด้วยตา,✅ คำตอบ
gen-chap-18-interest-and-value-of-money-q10,gen-chap-18-interest-and-value-of-money,fill,16232,ไม่พบค่า 16232 ในบรรทัดคำตอบ,🟠 ตรวจด้วยตา,✅ คำตอบ
gen-chap-18-interest-and-value-of-money-q11,gen-chap-18-interest-and-value-of-money,mc,2,บรรทัดคำตอบไม่ระบุเลขตัวเลือก,🟠 ตรวจด้วยตา,✅ คำตอบ
gen-chap-18-interest-and-value-of-money-q12,gen-chap-18-interest-and-value-of-money,mc,1,บรรทัดคำตอบไม่ระบุเลขตัวเลือก,🟠 ตรวจด้วยตา,✅ คำตอบ
gen-chap-18-interest-and-value-of-money-q13,gen-chap-18-interest-and-value-of-money,fill,51051,ไม่พบค่า 51051 ในบรรทัดคำตอบ,🟠 ตรวจด้วยตา,✅ คำตอบ
gen-chap-18-interest-and-value-of-money-q14,gen-chap-18-interest-and-value-of-money,mc,2,บรรทัดคำตอบไม่ระบุเลขตัวเลือก,🟠 ตรวจด้วยตา,✅ คำตอบ
gen-chap-18-interest-and-value-of-money-q15,gen-chap-18-interest-and-value-of-money,mc,2,บรรทัดคำตอบไม่ระบุเลขตัวเลือก,🟠 ตรวจด้วยตา,✅ คำตอบ
gen-chap-18-interest-and-value-of-money-q16,gen-chap-18-interest-and-value-of-money,fill,5,ไม่พบค่า 5 ในบรรทัดคำตอบ,🟠 ตรวจด้วยตา,✅ คำตอบ
gen-chap-18-interest-and-value-of-money-q17,gen-chap-18-interest-and-value-of-money,mc,0,บรรทัดคำตอบไม่ระบุเลขตัวเลือก,🟠 ตรวจด้วยตา,✅ คำตอบ
gen-chap-18-interest-and-value-of-money-q18,gen-chap-18-interest-and-value-of-money,mc,1,บรรทัดคำตอบไม่ระบุเลขตัวเลือก,🟠 ตรวจด้วยตา,✅ คำตอบ
gen-chap-18-interest-and-value-of-money-q19,gen-chap-18-interest-and-value-of-money,mc,2,บรรทัดคำตอบไม่ระบุเลขตัวเลือก,🟠 ตรวจด้วยตา,✅ คำตอบ
gen-chap-18-interest-and-value-of-money-q20,gen-chap-18-interest-and-value-of-money,fill,3600,ไม่พบค่า 3600 ในบรรทัดคำตอบ,🟠 ตรวจด้วยตา,✅ คำตอบ
gen-chap-18-interest-and-value-of-money-q21,gen-chap-18-interest-and-value-of-money,mc,0,บรรทัดคำตอบไม่ระบุเลขตัวเลือก,🟠 ตรวจด้วยตา,✅ คำตอบ
gen-chap-18-interest-and-value-of-money-q22,gen-chap-18-interest-and-value-of-money,mc,1,บรรทัดคำตอบไม่ระบุเลขตัวเลือก,🟠 ตรวจด้วยตา,✅ คำตอบ
gen-chap-18-interest-and-value-of-money-q24,gen-chap-18-interest-and-value-of-money,fill,3,ไม่พบค่า 3 ในบรรทัดคำตอบ,🟠 ตรวจด้วยตา,✅ คำตอบ
gen-chap-18-interest-and-value-of-money-q25,gen-chap-18-interest-and-value-of-money,mc,0,บรรทัดคำตอบไม่ระบุเลขตัวเลือก,🟠 ตรวจด้วยตา,✅ คำตอบ
gen-chap-18-interest-and-value-of-money-q26,gen-chap-18-interest-and-value-of-money,mc,1,บรรทัดคำตอบไม่ระบุเลขตัวเลือก,🟠 ตรวจด้วยตา,✅ คำตอบ
gen-chap-18-interest-and-value-of-money-q27,gen-chap-18-interest-and-value-of-money,mc,2,บรรทัดคำตอบไม่ระบุเลขตัวเลือก,🟠 ตรวจด้วยตา,✅ คำตอบ
gen-chap-18-interest-and-value-of-money-q28,gen-chap-18-interest-and-value-of-money,mc,3,บรรทัดคำตอบไม่ระบุเลขตัวเลือก,🟠 ตรวจด้วยตา,✅ คำตอบ
gen-chap-18-interest-and-value-of-money-q29,gen-chap-18-interest-and-value-of-money,mc,0,บรรทัดคำตอบไม่ระบุเลขตัวเลือก,🟠 ตรวจด้วยตา,✅ คำตอบ
gen-chap-18-interest-and-value-of-money-q30,gen-chap-18-interest-and-value-of-money,mc,1,บรรทัดคำตอบไม่ระบุเลขตัวเลือก,🟠 ตรวจด้วยตา,✅ คำตอบ
gen-chap-18-interest-and-value-of-money-q31,gen-chap-18-interest-and-value-of-money,mc,2,บรรทัดคำตอบไม่ระบุเลขตัวเลือก,🟠 ตรวจด้วยตา,✅ คำตอบ
gen-chap-18-interest-and-value-of-money-q32,gen-chap-18-interest-and-value-of-money,mc,3,บรรทัดคำตอบไม่ระบุเลขตัวเลือก,🟠 ตรวจด้วยตา,✅ คำตอบ
gen-chap-18-interest-and-value-of-money-q33,gen-chap-18-interest-and-value-of-money,mc,0,บรรทัดคำตอบไม่ระบุเลขตัวเลือก,🟠 ตรวจด้วยตา,✅ คำตอบ
gen-chap-18-interest-and-value-of-money-q34,gen-chap-18-interest-and-value-of-money,mc,1,บรรทัดคำตอบไม่ระบุเลขตัวเลือก,🟠 ตรวจด้วยตา,✅ คำตอบ
gen-chap-18-interest-and-value-of-money-q35,gen-chap-18-interest-and-value-of-money,mc,2,บรรทัดคำตอบไม่ระบุเลขตัวเลือก,🟠 ตรวจด้วยตา,✅ คำตอบ
gen-chap-18-interest-and-value-of-money-q36,gen-chap-18-interest-and-value-of-money,mc,3,บรรทัดคำตอบไม่ระบุเลขตัวเลือก,🟠 ตรวจด้วยตา,✅ คำตอบ
gen-chap-18-interest-and-value-of-money-q37,gen-chap-18-interest-and-value-of-money,mc,0,บรรทัดคำตอบไม่ระบุเลขตัวเลือก,🟠 ตรวจด้วยตา,✅ คำตอบ
gen-chap-18-interest-and-value-of-money-q38,gen-chap-18-interest-and-value-of-money,mc,1,บรรทัดคำตอบไม่ระบุเลขตัวเลือก,🟠 ตรวจด้วยตา,✅ คำตอบ
gen-chap-18-interest-and-value-of-money-q39,gen-chap-18-interest-and-value-of-money,mc,1,บรรทัดคำตอบไม่ระบุเลขตัวเลือก,🟠 ตรวจด้วยตา,✅ คำตอบ
gen-chap-18-interest-and-value-of-money-q40,gen-chap-18-interest-and-value-of-money,mc,0,บรรทัดคำตอบไม่ระบุเลขตัวเลือก,🟠 ตรวจด้วยตา,✅ คำตอบ
gen-chap-18-interest-and-value-of-money-q41,gen-chap-18-interest-and-value-of-money,fill,12,ไม่พบค่า 12 ในบรรทัดคำตอบ,🟠 ตรวจด้วยตา,✅ คำตอบ
gen-chap-18-interest-and-value-of-money-q42,gen-chap-18-interest-and-value-of-money,fill,12,ไม่พบค่า 12 ในบรรทัดคำตอบ,🟠 ตรวจด้วยตา,✅ คำตอบ
gen-chap-18-interest-and-value-of-money-q43,gen-chap-18-interest-and-value-of-money,fill,13,ไม่พบค่า 13 ในบรรทัดคำตอบ,🟠 ตรวจด้วยตา,✅ คำตอบ
gen-chap-18-interest-and-value-of-money-q46,gen-chap-18-interest-and-value-of-money,fill,33100,ไม่พบค่า 33100 ในบรรทัดคำตอบ,🟠 ตรวจด้วยตา,✅ คำตอบ
gen-chap-18-interest-and-value-of-money-q47,gen-chap-18-interest-and-value-of-money,fill,27846,ไม่พบค่า 27846 ในบรรทัดคำตอบ,🟠 ตรวจด้วยตา,✅ คำตอบ
gen-chap-18-interest-and-value-of-money-q48,gen-chap-18-interest-and-value-of-money,fill,37830,ไม่พบค่า 37830 ในบรรทัดคำตอบ,🟠 ตรวจด้วยตา,✅ คำตอบ
gen-chap-18-interest-and-value-of-money-q49,gen-chap-18-interest-and-value-of-money,mc,0,บรรทัดคำตอบไม่ระบุเลขตัวเลือก,🟠 ตรวจด้วยตา,✅ คำตอบ
gen-chap-18-interest-and-value-of-money-q50,gen-chap-18-interest-and-value-of-money,mc,1,บรรทัดคำตอบไม่ระบุเลขตัวเลือก,🟠 ตรวจด้วยตา,✅ คำตอบ
gen-chap-18-interest-and-value-of-money-q51,gen-chap-18-interest-and-value-of-money,mc,2,บรรทัดคำตอบไม่ระบุเลขตัวเลือก,🟠 ตรวจด้วยตา,✅ คำตอบ
gen-chap-18-interest-and-value-of-money-q52,gen-chap-18-interest-and-value-of-money,mc,3,บรรทัดคำตอบไม่ระบุเลขตัวเลือก,🟠 ตรวจด้วยตา,✅ คำตอบ
gen-chap-18-interest-and-value-of-money-q53,gen-chap-18-interest-and-value-of-money,mc,0,บรรทัดคำตอบไม่ระบุเลขตัวเลือก,🟠 ตรวจด้วยตา,✅ คำตอบ
gen-chap-18-interest-and-value-of-money-q54,gen-chap-18-interest-and-value-of-money,mc,1,บรรทัดคำตอบไม่ระบุเลขตัวเลือก,🟠 ตรวจด้วยตา,✅ คำตอบ
gen-chap-18-interest-and-value-of-money-q55,gen-chap-18-interest-and-value-of-money,mc,2,บรรทัดคำตอบไม่ระบุเลขตัวเลือก,🟠 ตรวจด้วยตา,✅ คำตอบ
gen-chap-18-interest-and-value-of-money-q56,gen-chap-18-interest-and-value-of-money,mc,3,บรรทัดคำตอบไม่ระบุเลขตัวเลือก,🟠 ตรวจด้วยตา,✅ คำตอบ
gen-chap-18-interest-and-value-of-money-q57,gen-chap-18-interest-and-value-of-money,mc,0,บรรทัดคำตอบไม่ระบุเลขตัวเลือก,🟠 ตรวจด้วยตา,✅ คำตอบ
gen-chap-18-interest-and-value-of-money-q58,gen-chap-18-interest-and-value-of-money,mc,1,บรรทัดคำตอบไม่ระบุเลขตัวเลือก,🟠 ตรวจด้วยตา,✅ คำตอบ
gen-chap-18-interest-and-value-of-money-q59,gen-chap-18-interest-and-value-of-money,mc,2,บรรทัดคำตอบไม่ระบุเลขตัวเลือก,🟠 ตรวจด้วยตา,✅ คำตอบ
gen-chap-18-interest-and-value-of-money-q60,gen-chap-18-interest-and-value-of-money,mc,3,บรรทัดคำตอบไม่ระบุเลขตัวเลือก,🟠 ตรวจด้วยตา,✅ คำตอบ
gen-chap-18-interest-and-value-of-money-q61,gen-chap-18-interest-and-value-of-money,mc,0,บรรทัดคำตอบไม่ระบุเลขตัวเลือก,🟠 ตรวจด้วยตา,✅ คำตอบ
gen-chap-18-interest-and-value-of-money-q62,gen-chap-18-interest-and-value-of-money,fill,4,ไม่พบค่า 4 ในบรรทัดคำตอบ,🟠 ตรวจด้วยตา,✅ คำตอบ
gen-chap-18-interest-and-value-of-money-q63,gen-chap-18-interest-and-value-of-money,fill,6,ไม่พบค่า 6 ในบรรทัดคำตอบ,🟠 ตรวจด้วยตา,✅ คำตอบ
gen-chap-18-interest-and-value-of-money-q64,gen-chap-18-interest-and-value-of-money,fill,40,ไม่พบค่า 40 ในบรรทัดคำตอบ,🟠 ตรวจด้วยตา,✅ คำตอบ
pat1-2552-03-q31,pat1-2552-03,mc,2,บรรทัดคำตอบไม่ระบุเลขตัวเลือก,🟠 ตรวจด้วยตา,"ตรวจคำตอบ: ที่ $r=\tfrac12$ ได้ $a_1=4(1-\tfrac12)=2$, ลำดับคือ $2,1,\tfrac12,\dots$ ผลบวก $=\dfrac{2}{1-\frac12}=4$ ✓ และ $a_2=1$ ✓"
pat1-2552-03-q32,pat1-2552-03,mc,1,บรรทัดคำตอบไม่ระบุเลขตัวเลือก,🟠 ตรวจด้วยตา,ตรวจคำตอบ: แทน $c=2$:
pat1-2552-03-q33,pat1-2552-03,mc,2,บรรทัดคำตอบไม่ระบุเลขตัวเลือก,🟠 ตรวจด้วยตา,"ตรวจคำตอบ: $f'(-0.5)=2.5 > 0$ (ช่วง $(-1,0)$ เพิ่มจริง), $f'(2.5)=2(2.5)(12.5-3)=47.5 > 0$ (ช่วง $(2,3)$ เพิ่มจริง) ✓"
pat1-2552-03-q36,pat1-2552-03,mc,0,บรรทัดคำตอบไม่ระบุเลขตัวเลือก,🟠 ตรวจด้วยตา,"ตรวจคำตอบ: 4 บล็อกรอบวง $=3!=6$, สลับใน 4 คู่ $=2^4=16$, รวม $6\times16=96$ ✓"
pat1-2552-03-q40,pat1-2552-03,mc,2,บรรทัดคำตอบไม่ระบุเลขตัวเลือก,🟠 ตรวจด้วยตา,ตรวจคำตอบ: เงื่อนไข mean=median ทำให้ผลรวมระยะห่างฝั่งซ้าย (ต่ำกว่า median) = ผลรวมระยะห่างฝั่งขวา (สูงกว่า median) ในรูปค่าสัมบูรณ์ ✓
pat1-2552-03-q41,pat1-2552-03,mc,3,บรรทัดคำตอบไม่ระบุเลขตัวเลือก,🟠 ตรวจด้วยตา,"ตรวจคำตอบ: $a+b=20+10=30$ ✓, $\sum f x = 3.5(20)+4(15)+4.5(10)+5(20)+5.5(10)+6(5)=70+60+45+100+55+30=360$ ✓"
pat1-2552-03-q42,pat1-2552-03,mc,3,บรรทัดคำตอบไม่ระบุเลขตัวเลือก,🟠 ตรวจด้วยตา,"ตรวจคำตอบ: $\bar{x}=595/40=14.875$ ✓, Med $14.5 > $ Mode $10.3$ ✓"
pat1-2552-03-q44,pat1-2552-03,mc,3,บรรทัดคำตอบไม่ระบุเลขตัวเลือก,🟠 ตรวจด้วยตา,"ตรวจคำตอบ: $\mu=150, \sigma=5$ แทนใน (1): $150-1.88(5)=150-9.4=140.6$ ✓ และ (2): $150+9.4=159.4$ ✓"
pat1-2552-03-q45,pat1-2552-03,mc,1,บรรทัดคำตอบไม่ระบุเลขตัวเลือก,🟠 ตรวจด้วยตา,ตรวจคำตอบ:
pat1-2552-03-q48,pat1-2552-03,mc,2,บรรทัดคำตอบไม่ระบุเลขตัวเลือก,🟠 ตรวจด้วยตา,"ตรวจคำตอบ: $c=\frac{1}{2551!}$,"
pat1-2552-03-q49,pat1-2552-03,mc,2,บรรทัดคำตอบไม่ระบุเลขตัวเลือก,🟠 ตรวจด้วยตา,"ตรวจคำตอบ: ทั้ง 2 แบบมี จ ที่ 4 ✓, ค ฉ ติดกัน ✓, ฉ ก่อน ก ✓, ก ติด ง ✓, ฉ ไม่ติด ข ✓ — ลำดับ 5 มี ก หรือ ง, ตอบ ง ✓"
pat1-2552-03-q50,pat1-2552-03,mc,2,บรรทัดคำตอบไม่ระบุเลขตัวเลือก,🟠 ตรวจด้วยตา,"ตรวจคำตอบ: ข=1 เสมอ และ ง อยู่ที่ 5 หรือ 6 (มากกว่า 1 เสมอ) ดังนั้น ""ง หลัง ข"" จริงทั้งสองแบบ ✓"
pat1-2552-10-q40,pat1-2552-10,fill,$\sqrt[4]{32}$,ไม่พบค่า $\sqrt[4]{32}$ ในบรรทัดคำตอบ,🟠 ตรวจด้วยตา,✅ คำตอบ: $\sqrt[4]{32}\ \big(=2^{5/4}\approx2.378\big)$
pat1-2553-03-q22,pat1-2553-03,mc,2,บรรทัดคำตอบไม่ระบุเลขตัวเลือก,🟠 ตรวจด้วยตา,✅ คำตอบ: $C 
pat1-2553-03-q25,pat1-2553-03,mc,0,บรรทัดคำตอบไม่ระบุเลขตัวเลือก,🟠 ตรวจด้วยตา,"✅ คำตอบ: A, B, D พูดเท็จ"
pat1-2553-07-q04,pat1-2553-07,mc,2,บรรทัดคำตอบไม่ระบุเลขตัวเลือก,🟠 ตรวจด้วยตา,✅ คำตอบ: $\left\{ x \mid \dfrac{2}{3} 
pat1-2554-12-q05,pat1-2554-12,mc,0,บรรทัดคำตอบไม่ระบุเลขตัวเลือก,🟠 ตรวจด้วยตา,✅ คำตอบ: $\{ x \in \mathbb{R} \mid -2 
pat1-2555-03-q05,pat1-2555-03,mc,1,บรรทัดคำตอบไม่ระบุเลขตัวเลือก,🟠 ตรวจด้วยตา,✅ คำตอบ: $B 
pat1-2555-03-q09,pat1-2555-03,mc,1,บรรทัดคำตอบไม่ระบุเลขตัวเลือก,🟠 ตรวจด้วยตา,✅ คำตอบ: $\{x \in R \mid (4x-1)(x-4) 
pat1-2557-11-q30,pat1-2557-11,mc,0,บรรทัดคำตอบไม่ระบุเลขตัวเลือก,🟠 ตรวจด้วยตา,✅ คำตอบ: $D 
pat1-2559-03-q12,pat1-2559-03,mc,2,บรรทัดคำตอบไม่ระบุเลขตัวเลือก,🟠 ตรวจด้วยตา,✅ คำตอบ: $\{x \mid |x-1| 
pat1-2559-03-q25,pat1-2559-03,mc,4,บรรทัดคำตอบไม่ระบุเลขตัวเลือก,🟠 ตรวจด้วยตา,✅ คำตอบ: $c 
pat1-2559-10-q09,pat1-2559-10,mc,4,บรรทัดคำตอบไม่ระบุเลขตัวเลือก,🟠 ตรวจด้วยตา,✅ คำตอบ: $C 
pat1-2560-03-q29,pat1-2560-03,mc,1,บรรทัดคำตอบไม่ระบุเลขตัวเลือก,🟠 ตรวจด้วยตา,✅ คำตอบ: $y 
pat1-2563-02-q29,pat1-2563-02,mc,0,บรรทัดคำตอบไม่ระบุเลขตัวเลือก,🟠 ตรวจด้วยตา,✅ คำตอบ: $c 
pat1-2564-03-q03,pat1-2564-03,mc,0,บรรทัดคำตอบไม่ระบุเลขตัวเลือก,🟠 ตรวจด้วยตา,✅ คำตอบ: $0 < a < 1$
pat1-2564-03-q33,pat1-2564-03,mc,3,บรรทัดคำตอบไม่ระบุเลขตัวเลือก,🟠 ตรวจด้วยตา,✅ คำตอบ: $90° 
pat1-2565-03-q41,pat1-2565-03,fill,1728,ไม่พบค่า 1728 ในบรรทัดคำตอบ,🟠 ตรวจด้วยตา,"✅ คำตอบ: 1,728"
samn-2561-03-q28,samn-2561-03,mc,1,บรรทัดคำตอบไม่ระบุเลขตัวเลือก,🟠 ตรวจด้วยตา,✅ คำตอบ $f(x) = -\dfrac{1}{2}(x-1)^2 + 1$
