id,ชุด,ชนิด,type,correct,เลขที่ต้องมี,เลขที่พบในเฉลย,ร้อยละในเฉลย,ร้อยละในโจทย์,ธง,ตัวอย่างเลขที่หาย,given 120 ตัวอักษร
alvl1-2566-03-q02,alvl1-2566-03,รูป,mc,3,6,3,50%,0%,🟢 น่าจะเห็น,76 32 11,
alvl1-2566-03-q06,alvl1-2566-03,รูป,mc,1,10,6,60%,40%,🟢 น่าจะเห็น,240 251 163.6 84.1,
alvl1-2566-03-q07,alvl1-2566-03,รูป,mc,0,11,4,36%,9%,🟠 น่าสงสัย,170 100 38 46 150 149,
alvl1-2566-03-q11,alvl1-2566-03,รูป,mc,2,2,2,100%,100%,🔵 โจทย์มีเลขครบ,,
alvl1-2566-03-q14,alvl1-2566-03,รูป,mc,4,6,0,0%,0%,🔴 ไม่เคยเห็น,-1.5 1.5 180 360 -0.35 -1.3,
alvl1-2566-03-q16,alvl1-2566-03,รูป,mc,2,14,0,0%,0%,🔴 ไม่เคยเห็น,192 250 152 276 224 264,
alvl1-2566-03-q17,alvl1-2566-03,รูป,mc,1,25,6,24%,0%,🟠 น่าสงสัย,-1.73205 1.73205 60 36 1565 11,
alvl1-2566-03-q21,alvl1-2566-03,รูป,mc,1,15,5,33%,20%,🟠 น่าสงสัย,30 90 80 44 67 76,
alvl1-2566-03-q23,alvl1-2566-03,รูป,mc,0,13,4,30%,0%,🟠 น่าสงสัย,-0.8 4.8 1565 3.5 5.1 -1.1,
alvl1-2566-03-q24,alvl1-2566-03,รูป,mc,4,8,2,25%,12%,🟠 น่าสงสัย,-3.3 5.3 -3 2.7 2.8 1.7,
alvl1-2566-03-q26,alvl1-2566-03,รูป,fill,65,3,3,100%,33%,🟢 น่าจะเห็น,,
alvl1-2566-03-q27,alvl1-2566-03,รูป,fill,480,11,4,36%,0%,🟠 น่าสงสัย,340 210 90 150 140 190,
alvl1-2566-03-q28,alvl1-2566-03,รูป,fill,8.96,4,0,0%,0%,🔴 ไม่เคยเห็น,-3.2 3.2 -0.7 0.7,
alvl1-2566-03-q29,alvl1-2566-03,รูป,fill,0.75,20,6,30%,5%,🟠 น่าสงสัย,-0.8 3.2 3.3 360 222 -0.4,
alvl1-2567-03-q03,alvl1-2567-03,รูป,mc,0,19,8,42%,0%,🟠 น่าสงสัย,-1.4 1.4 999 0.866 11 -6,
alvl1-2567-03-q06,alvl1-2567-03,รูป,mc,0,1,1,100%,100%,🔵 โจทย์มีเลขครบ,,
alvl1-2567-03-q07,alvl1-2567-03,รูป,mc,1,3,0,0%,0%,🔴 ไม่เคยเห็น,60 8390 6090,
alvl1-2567-03-q11,alvl1-2567-03,รูป,mc,2,27,10,37%,14%,🟠 น่าสงสัย,-1.5 5.5 -20 -5 -8 73,
alvl1-2567-03-q19,alvl1-2567-03,รูป,mc,4,16,3,18%,6%,🟠 น่าสงสัย,-3.4 7.4 0.03125 0.1875 -3 -0.6,
alvl1-2567-03-q20,alvl1-2567-03,รูป,mc,1,12,4,33%,0%,🟠 น่าสงสัย,13 -1.2 1.2 73 -52 -19,
alvl1-2567-03-q23,alvl1-2567-03,รูป,mc,1,5,1,20%,0%,🟠 น่าสงสัย,60 32 1565 11,
alvl1-2567-03-q26,alvl1-2567-03,รูป,fill,68,9,2,22%,0%,🟠 น่าสงสัย,36.8 410 163.2 220 90 334,
alvl1-2567-03-q30,alvl1-2567-03,ตาราง,fill,11.25,24,10,41%,8%,🟠 น่าสงสัย,0.57 0.87 1.70 0.7157 0.8078 0.9554,
alvl1-2568-03-v2-q04,alvl1-2568-03-v2,รูป,mc,3,20,8,40%,10%,🟠 น่าสงสัย,-10 175 -100000 1400000 160 400000,
alvl1-2568-03-v2-q11,alvl1-2568-03-v2,รูป,mc,0,9,4,44%,0%,🟠 น่าสงสัย,0.2679 3.7321 60 1565 0392,
alvl1-2568-03-v2-q13,alvl1-2568-03-v2,รูป,mc,2,8,1,12%,0%,🟠 น่าสงสัย,259 38 97 146 254 148.8,
alvl1-2568-03-v2-q14,alvl1-2568-03-v2,รูป,mc,1,12,1,8%,8%,🟠 น่าสงสัย,-6.5 16.5 -10.5 10.5 8.6603 360,
alvl1-2568-03-v2-q16,alvl1-2568-03-v2,รูป,mc,3,6,1,16%,0%,🟠 น่าสงสัย,70 215 250 235 295,
alvl1-2568-03-v2-q22,alvl1-2568-03-v2,รูป,mc,4,7,3,42%,42%,🟠 น่าสงสัย,-3.5 3.5 2.3 0.35,
alvl1-2568-03-v2-q24,alvl1-2568-03-v2,รูป,mc,0,38,1,2%,2%,🟠 น่าสงสัย,-2.6 5.6 -1.3 5.4 -1 0.007529,
alvl1-2568-03-v2-q25,alvl1-2568-03-v2,รูป,mc,2,19,1,5%,0%,🟠 น่าสงสัย,-0.6 7.9 4.6 0.166667 -1.16667 1.33333,
alvl1-2568-03-v2-q26,alvl1-2568-03-v2,รูป,fill,0.75,6,1,16%,0%,🟠 น่าสงสัย,191.9 36.8 260 220 30,
alvl1-2568-03-v2-q29,alvl1-2568-03-v2,รูป,fill,2,3,3,100%,33%,🟢 น่าจะเห็น,,
alvl1-2569-03-q01,alvl1-2569-03,รูป,mc,0,2,2,100%,50%,🟢 น่าจะเห็น,,
alvl1-2569-03-q04,alvl1-2569-03,รูป,mc,3,25,4,16%,0%,🟠 น่าสงสัย,-2.4 -6.2 6.2 0.125 -0.55 -0.625,
alvl1-2569-03-q05,alvl1-2569-03,รูป,mc,4,16,7,43%,12%,🟠 น่าสงสัย,33 2600 15 1000 2000 73,
alvl1-2569-03-q06,alvl1-2569-03,รูป,mc,4,158,4,2%,0%,🟠 น่าสงสัย,-2.3 4.3 -0.5 4.5 3.1623 -1.94,
alvl1-2569-03-q07,alvl1-2569-03,รูป,mc,0,6,5,83%,0%,🟢 น่าจะเห็น,62,
alvl1-2569-03-q11,alvl1-2569-03,รูป,mc,0,7,3,42%,0%,🟠 น่าสงสัย,24 -6 -10 555,
alvl1-2569-03-q12,alvl1-2569-03,รูป,mc,4,13,2,15%,7%,🟠 น่าสงสัย,-1.4 1.4 -1 999 0.309 0.951,
alvl1-2569-03-q14,alvl1-2569-03,รูป,mc,3,10,5,50%,0%,🟢 น่าจะเห็น,-1.5 1.5 73 -20 30,
alvl1-2569-03-q15,alvl1-2569-03,รูป,mc,2,12,1,8%,0%,🟠 น่าสงสัย,50 82 270 248 148 28,
alvl1-2569-03-q16,alvl1-2569-03,รูป,mc,1,12,2,16%,0%,🟠 น่าสงสัย,26 -1.3 7.5 -0.75 5.6 4.2,
alvl1-2569-03-q19,alvl1-2569-03,ตาราง,mc,1,13,6,46%,15%,🟠 น่าสงสัย,0.5000 1.5 0.9332 -3.5 3.5 2.1,
alvl1-2569-03-q25,alvl1-2569-03,รูป,mc,1,16,1,6%,0%,🟠 น่าสงสัย,-2.6 5.7 -2.1 4.6 -0.166667 0.5,
alvl1-2569-03-q30,alvl1-2569-03,รูป,fill,3250,28,0,0%,0%,🔴 ไม่เคยเห็น,-0.7 6.1 -2.7 2.95 0.012 -0.094,
chap-01-set-q26,chap-01-set,รูป,mc,2,8,0,0%,0%,🔴 ไม่เคยเห็น,-0.25 -0.2 -0.16667 74 11 32,
chap-01-set-q39,chap-01-set,รูป,mc,0,1,1,100%,100%,🔵 โจทย์มีเลขครบ,,
chap-01-set-q40,chap-01-set,รูป,mc,0,5,5,100%,0%,🟢 น่าจะเห็น,,
chap-01-set-q43,chap-01-set,รูป,mc,0,1,1,100%,0%,🟢 น่าจะเห็น,,
chap-01-set-q44,chap-01-set,รูป,fill,415,4,4,100%,100%,🔵 โจทย์มีเลขครบ,,
chap-01-set-q45,chap-01-set,รูป,mc,1,2,2,100%,50%,🟢 น่าจะเห็น,,
chap-01-set-q46,chap-01-set,รูป,mc,0,5,5,100%,80%,🔵 โจทย์มีเลขครบ,,
chap-01-set-q47,chap-01-set,รูป,fill,13,4,4,100%,75%,🟢 น่าจะเห็น,,
chap-01-set-q48,chap-01-set,รูป,mc,2,5,1,20%,20%,🟠 น่าสงสัย,20 22 23 11,
chap-01-set-q49,chap-01-set,รูป,mc,3,6,6,100%,50%,🟢 น่าจะเห็น,,
chap-01-set-q51,chap-01-set,รูป,mc,1,4,2,50%,50%,🟢 น่าจะเห็น,19 15,
chap-01-set-q52,chap-01-set,รูป,mc,1,3,3,100%,33%,🟢 น่าจะเห็น,,
chap-01-set-q76,chap-01-set,รูป,fill,90,2,2,100%,100%,🔵 โจทย์มีเลขครบ,,
chap-01-set-q77,chap-01-set,รูป,mc,0,2,2,100%,100%,🔵 โจทย์มีเลขครบ,,
chap-01-set-q78,chap-01-set,รูป,fill,11,2,2,100%,100%,🔵 โจทย์มีเลขครบ,,
chap-01-set-q80,chap-01-set,รูป,fill,"10, 70, 180, 230, 110",10,10,100%,60%,🟢 น่าจะเห็น,,
chap-02-logic-q104,chap-02-logic,รูป,mc,0,2,0,0%,0%,🔴 ไม่เคยเห็น,60 11,
chap-02-logic-q106,chap-02-logic,รูป,fill,เท็จ,6,2,33%,33%,🟠 น่าสงสัย,90 1565 0392 32,
chap-02-logic-q107,chap-02-logic,รูป,mc,2,3,0,0%,0%,🔴 ไม่เคยเห็น,120 0392 32,
chap-02-logic-q108,chap-02-logic,รูป,mc,2,6,2,33%,0%,🟠 น่าสงสัย,60 11 32 72,
chap-02-logic-q110,chap-02-logic,รูป,mc,3,7,3,42%,0%,🟠 น่าสงสัย,100 1565 32 72,
chap-02-logic-q111,chap-02-logic,รูป,mc,3,6,3,50%,0%,🟢 น่าจะเห็น,60 36 72,
chap-02-logic-q112,chap-02-logic,รูป,mc,2,11,4,36%,0%,🟠 น่าสงสัย,64 40 2.5 224 1565 32,
chap-02-logic-q113,chap-02-logic,รูป,mc,2,9,3,33%,0%,🟠 น่าสงสัย,60 36 32 224 1565 65100,
chap-02-logic-q116,chap-02-logic,รูป,fill,ไม่สมมูล,3,0,0%,0%,🔴 ไม่เคยเห็น,90 0392 32,
chap-02-logic-q46,chap-02-logic,รูป,mc,3,4,0,0%,0%,🔴 ไม่เคยเห็น,-1 60 11 32,
chap-02-logic-q59,chap-02-logic,รูป,mc,3,5,2,40%,40%,🟠 น่าสงสัย,90 0392 32,
chap-02-logic-q63,chap-02-logic,รูป,mc,2,3,1,33%,0%,🟠 น่าสงสัย,60 11,
chap-02-logic-q66,chap-02-logic,รูป,mc,1,4,0,0%,0%,🔴 ไม่เคยเห็น,60 11 32 75,
chap-02-logic-q68,chap-02-logic,รูป,mc,3,14,8,57%,0%,🟢 น่าจะเห็น,60 11 32 235 1565 65100,
chap-02-logic-q69,chap-02-logic,รูป,mc,3,7,2,28%,0%,🟠 น่าสงสัย,60 11 32 75 1565,
chap-02-logic-q70,chap-02-logic,รูป,mc,3,4,0,0%,0%,🔴 ไม่เคยเห็น,60 11 32 75,
chap-02-logic-q71,chap-02-logic,รูป,mc,3,6,2,33%,16%,🟠 น่าสงสัย,60 36 11 32,
chap-03-realnumber-q116,chap-03-realnumber,รูป,mc,0,3,1,33%,0%,🟠 น่าสงสัย,66 32,
chap-03-realnumber-q118,chap-03-realnumber,รูป,mc,1,5,1,20%,0%,🟠 น่าสงสัย,60 36 32 1565,
chap-03-realnumber-q129,chap-03-realnumber,รูป,fill,"(1, 2) ∪ (3, 4)",3,1,33%,0%,🟠 น่าสงสัย,60 36,
chap-03-realnumber-q139,chap-03-realnumber,รูป,fill,-5,5,2,40%,0%,🟠 น่าสงสัย,60 36 32,
chap-03-realnumber-q140,chap-03-realnumber,รูป,mc,3,5,2,40%,20%,🟠 น่าสงสัย,108 555 32,
chap-03-realnumber-q141,chap-03-realnumber,รูป,mc,2,5,3,60%,0%,🟢 น่าจะเห็น,86 36,
chap-03-realnumber-q142,chap-03-realnumber,รูป,mc,1,5,2,40%,0%,🟠 น่าสงสัย,0.333333 66 32,
chap-03-realnumber-q143,chap-03-realnumber,รูป,fill,"(2, 4.5)",4,2,50%,0%,🟢 น่าจะเห็น,60 32,
chap-03-realnumber-q145,chap-03-realnumber,รูป,mc,2,3,0,0%,0%,🔴 ไม่เคยเห็น,60 36 11,
chap-03-realnumber-q146,chap-03-realnumber,รูป,fill,"(-6, -4) ∪ (-4, 1)",11,3,27%,0%,🟠 น่าสงสัย,60 36 52 32 66 44,
chap-03-realnumber-q147,chap-03-realnumber,รูป,mc,0,8,5,62%,25%,🟢 น่าจะเห็น,52 555 36,
chap-03-realnumber-q148,chap-03-realnumber,รูป,fill,"(-∞, -1) ∪ [0, 1]",4,2,50%,0%,🟢 น่าจะเห็น,60 36,
chap-03-realnumber-q149,chap-03-realnumber,รูป,fill,"(-∞, 0] ∪ (1, 2] ∪ [3, ∞)",3,1,33%,0%,🟠 น่าสงสัย,60 36,
chap-03-realnumber-q150,chap-03-realnumber,รูป,mc,2,5,2,40%,0%,🟠 น่าสงสัย,60 32 1565,
chap-03-realnumber-q151,chap-03-realnumber,รูป,fill,2,6,1,16%,0%,🟠 น่าสงสัย,60 36 32 66 44,
chap-03-realnumber-q152,chap-03-realnumber,รูป,mc,1,4,2,50%,25%,🟢 น่าจะเห็น,60 36,
chap-03-realnumber-q153,chap-03-realnumber,รูป,mc,0,6,1,16%,0%,🟠 น่าสงสัย,60 36 66 44 32,
chap-03-realnumber-q154,chap-03-realnumber,รูป,mc,2,9,3,33%,0%,🟠 น่าสงสัย,60 36 32 1.9375 1.96875 11,
chap-03-realnumber-q155,chap-03-realnumber,รูป,fill,"$\{-\sqrt{3},\ 1-\sqrt{2}\}$",10,2,20%,0%,🟠 น่าสงสัย,-1.73205 -0.414214 1.73205 2.41421 66 42,
chap-03-realnumber-q156,chap-03-realnumber,รูป,fill,"$[-4,-3) \cup (-3,-2]$",7,5,71%,14%,🟢 น่าจะเห็น,60 36,
chap-03-realnumber-q157,chap-03-realnumber,รูป,mc,0,7,4,57%,14%,🟢 น่าจะเห็น,60 36 32,
chap-03-realnumber-q158,chap-03-realnumber,รูป,mc,2,9,6,66%,0%,🟢 น่าจะเห็น,-3.33333 60 36,
chap-03-realnumber-q159,chap-03-realnumber,รูป,fill,-3,6,3,50%,0%,🟢 น่าจะเห็น,-1.66667 72 36,
chap-03-realnumber-q160,chap-03-realnumber,รูป,fill,"$(-\infty,-3) \cup (4,\infty)$",5,4,80%,20%,🟢 น่าจะเห็น,36,
chap-03-realnumber-q161,chap-03-realnumber,รูป,mc,1,9,6,66%,11%,🟢 น่าจะเห็น,0.0909091 60 36,
chap-03-realnumber-q162,chap-03-realnumber,รูป,fill,"$(-\infty, -4) \cup (0, \infty)$",4,2,50%,0%,🟢 น่าจะเห็น,60 36,
chap-03-realnumber-q168,chap-03-realnumber,รูป,fill,24,14,12,85%,0%,🟢 น่าจะเห็น,60 999,
chap-03-realnumber-q169,chap-03-realnumber,รูป,mc,1,3,0,0%,0%,🔴 ไม่เคยเห็น,60 36 11,
chap-03-realnumber-q26,chap-03-realnumber,รูป,mc,3,3,0,0%,0%,🔴 ไม่เคยเห็น,60 36 32,
chap-03-realnumber-q28,chap-03-realnumber,รูป,mc,3,6,1,16%,0%,🟠 น่าสงสัย,-0.666667 0.333333 60 36 32,
chap-03-realnumber-q32,chap-03-realnumber,รูป,mc,2,3,2,66%,0%,🟢 น่าจะเห็น,66,
chap-03-realnumber-q36,chap-03-realnumber,รูป,mc,1,4,2,50%,0%,🟢 น่าจะเห็น,0.25 60,
chap-03-realnumber-q37,chap-03-realnumber,รูป,mc,2,9,3,33%,0%,🟠 น่าสงสัย,-0.6667 60 36 32 66 44,
chap-03-realnumber-q38,chap-03-realnumber,รูป,mc,1,4,2,50%,0%,🟢 น่าจะเห็น,60 36,
chap-03-realnumber-q39,chap-03-realnumber,รูป,mc,1,5,3,60%,0%,🟢 น่าจะเห็น,60 36,
chap-03-realnumber-q40,chap-03-realnumber,รูป,mc,0,8,6,75%,12%,🟢 น่าจะเห็น,60 36,
chap-03-realnumber-q43,chap-03-realnumber,รูป,mc,2,5,0,0%,0%,🔴 ไม่เคยเห็น,-0.75 0.75 60 36 32,
chap-03-realnumber-q48,chap-03-realnumber,รูป,mc,4,4,1,25%,0%,🟠 น่าสงสัย,60 36 11,
chap-03-realnumber-q49,chap-03-realnumber,รูป,mc,0,6,1,16%,0%,🟠 น่าสงสัย,60 36 32 1565 65100,
chap-03-realnumber-q50,chap-03-realnumber,รูป,mc,3,4,2,50%,0%,🟢 น่าจะเห็น,60 36,
chap-03-realnumber-q51,chap-03-realnumber,รูป,mc,2,7,2,28%,0%,🟠 น่าสงสัย,0.666667 60 36 -0.5 3.5,
chap-03-realnumber-q52,chap-03-realnumber,รูป,mc,0,7,3,42%,0%,🟠 น่าสงสัย,60 36 32 66,
chap-03-realnumber-q53,chap-03-realnumber,รูป,mc,3,5,2,40%,0%,🟠 น่าสงสัย,60 36 32,
chap-03-realnumber-q54,chap-03-realnumber,รูป,mc,3,4,2,50%,25%,🟢 น่าจะเห็น,60 36,
chap-03-realnumber-q55,chap-03-realnumber,รูป,mc,2,9,3,33%,0%,🟠 น่าสงสัย,-1.73205 1.73205 60 36 66 44,
chap-03-realnumber-q56,chap-03-realnumber,รูป,mc,3,8,3,37%,0%,🟠 น่าสงสัย,60 36 66 44 32,
chap-03-realnumber-q57,chap-03-realnumber,รูป,mc,0,10,4,40%,0%,🟠 น่าสงสัย,60 36 52 32 66 44,
chap-03-realnumber-q58,chap-03-realnumber,รูป,mc,3,9,4,44%,0%,🟠 น่าสงสัย,60 36 66 44 32,
chap-03-realnumber-q59,chap-03-realnumber,รูป,mc,2,3,1,33%,0%,🟠 น่าสงสัย,60 36,
chap-03-realnumber-q60,chap-03-realnumber,รูป,mc,2,8,4,50%,0%,🟢 น่าจะเห็น,0.666667 36 66 44,
chap-03-realnumber-q61,chap-03-realnumber,รูป,mc,1,7,2,28%,14%,🟠 น่าสงสัย,60 36 66 44 1565,
chap-03-realnumber-q62,chap-03-realnumber,รูป,mc,1,3,1,33%,0%,🟠 น่าสงสัย,60 36,
chap-03-realnumber-q63,chap-03-realnumber,รูป,mc,0,6,3,50%,0%,🟢 น่าจะเห็น,60 36 0.25,
chap-03-realnumber-q64,chap-03-realnumber,รูป,mc,3,6,1,16%,0%,🟠 น่าสงสัย,1.6667 60 36 0392 32,
chap-03-realnumber-q65,chap-03-realnumber,รูป,mc,2,8,3,37%,0%,🟠 น่าสงสัย,-0.8333 60 36 0392 1565,
chap-03-realnumber-q66,chap-03-realnumber,รูป,mc,1,10,4,40%,0%,🟠 น่าสงสัย,-5.5 -0.8333 60 0392 32 1565,
chap-03-realnumber-q67,chap-03-realnumber,รูป,fill,5.5,8,4,50%,0%,🟢 น่าจะเห็น,60 36 32 66,
chap-03-realnumber-q68,chap-03-realnumber,รูป,mc,1,9,3,33%,0%,🟠 น่าสงสัย,40 -0.707107 0.71 0.707107 11 32,
chap-03-realnumber-q69,chap-03-realnumber,รูป,mc,2,13,9,69%,0%,🟢 น่าจะเห็น,60 36 -6.14143 8.14143,
chap-03-realnumber-q70,chap-03-realnumber,รูป,mc,1,10,5,50%,10%,🟢 น่าจะเห็น,60 36 72 34 32,
chap-03-realnumber-q72,chap-03-realnumber,รูป,mc,1,4,1,25%,0%,🟠 น่าสงสัย,68 46 1565,
chap-03-realnumber-q73,chap-03-realnumber,รูป,mc,1,8,3,37%,0%,🟠 น่าสงสัย,-2.5 60 36 -0.5 66,
chap-03-realnumber-q74,chap-03-realnumber,รูป,mc,0,5,2,40%,0%,🟠 น่าสงสัย,62 38 32,
chap-03-realnumber-q90,chap-03-realnumber,รูป,mc,0,6,2,33%,0%,🟠 น่าสงสัย,-1.5 -0.333333 60 36,
chap-03-realnumber-q91,chap-03-realnumber,รูป,mc,1,3,1,33%,0%,🟠 น่าสงสัย,96 32,
chap-07-trigonometry-q05,chap-07-trigonometry,รูป,mc,3,10,5,50%,10%,🟢 น่าจะเห็น,40 230 207 120 0.659,
chap-07-trigonometry-q06,chap-07-trigonometry,รูป,mc,3,4,0,0%,0%,🔴 ไม่เคยเห็น,-46 10 16 56,
chap-07-trigonometry-q07,chap-07-trigonometry,รูป,mc,2,106,0,0%,0%,🔴 ไม่เคยเห็น,-0.35 6.65 -0.5 2.4 0.07854 1.99383,
chap-07-trigonometry-q08,chap-07-trigonometry,รูป,mc,2,7,3,42%,14%,🟠 น่าสงสัย,110 255 220 46,
chap-07-trigonometry-q100,chap-07-trigonometry,รูป,mc,3,7,4,57%,42%,🟢 น่าจะเห็น,50 220 320,
chap-07-trigonometry-q101,chap-07-trigonometry,รูป,mc,1,7,1,14%,0%,🟠 น่าสงสัย,55 235 210 380 415 264,
chap-07-trigonometry-q102,chap-07-trigonometry,รูป,mc,1,6,3,50%,50%,🟢 น่าจะเห็น,160 130 110,
chap-07-trigonometry-q103,chap-07-trigonometry,รูป,mc,2,6,1,16%,0%,🟠 น่าสงสัย,-18 16 -6 -66 0.666,
chap-07-trigonometry-q104,chap-07-trigonometry,รูป,mc,3,8,3,37%,0%,🟠 น่าสงสัย,-18 -8 -68 -4 0.896,
chap-07-trigonometry-q105,chap-07-trigonometry,รูป,fill,3,5,1,20%,0%,🟠 น่าสงสัย,230 300 195 50,
chap-07-trigonometry-q106,chap-07-trigonometry,รูป,mc,0,9,0,0%,0%,🔴 ไม่เคยเห็น,190 65 302.58 130 260 325,
chap-07-trigonometry-q107,chap-07-trigonometry,รูป,mc,3,2,1,50%,0%,🟢 น่าจะเห็น,54,
chap-07-trigonometry-q108,chap-07-trigonometry,รูป,fill,0.75,5,2,40%,0%,🟠 น่าสงสัย,220 280 230,
chap-07-trigonometry-q109,chap-07-trigonometry,รูป,mc,3,7,4,57%,42%,🟢 น่าจะเห็น,220 290 150,
chap-07-trigonometry-q11,chap-07-trigonometry,รูป,mc,4,5,0,0%,0%,🔴 ไม่เคยเห็น,100 250 190 130 50,
chap-07-trigonometry-q110,chap-07-trigonometry,รูป,mc,2,10,6,60%,20%,🟢 น่าจะเห็น,50 220 250 170,
chap-07-trigonometry-q111,chap-07-trigonometry,รูป,fill,2.25,6,2,33%,16%,🟠 น่าสงสัย,160 50 235 280,
chap-07-trigonometry-q112,chap-07-trigonometry,รูป,mc,0,3,2,66%,0%,🟢 น่าจะเห็น,220,
chap-07-trigonometry-q113,chap-07-trigonometry,รูป,mc,3,9,2,22%,22%,🟠 น่าสงสัย,250 210 319 275 174 40,
chap-07-trigonometry-q114,chap-07-trigonometry,รูป,fill,25,13,3,23%,23%,🟠 น่าสงสัย,40 250 229 280 400 324,
chap-07-trigonometry-q115,chap-07-trigonometry,รูป,mc,0,6,0,0%,0%,🔴 ไม่เคยเห็น,60 250 340 147 98 42,
chap-07-trigonometry-q116,chap-07-trigonometry,รูป,mc,1,6,1,16%,0%,🟠 น่าสงสัย,90.88 137 200 272.75 158,
chap-07-trigonometry-q119,chap-07-trigonometry,รูป,mc,3,5,0,0%,0%,🔴 ไม่เคยเห็น,-6 18 -10 1.92 -2,
chap-07-trigonometry-q12,chap-07-trigonometry,รูป,mc,1,5,0,0%,0%,🔴 ไม่เคยเห็น,100 250 220 160 48,
chap-07-trigonometry-q120,chap-07-trigonometry,รูป,mc,0,3,1,33%,0%,🟠 น่าสงสัย,-10 -4,
chap-07-trigonometry-q121,chap-07-trigonometry,รูป,mc,0,8,1,12%,0%,🟠 น่าสงสัย,170 310 143 173 225 35,
chap-07-trigonometry-q122,chap-07-trigonometry,รูป,mc,2,9,5,55%,44%,🟢 น่าจะเห็น,200 260 148.92 252.85,
chap-07-trigonometry-q123,chap-07-trigonometry,รูป,mc,0,10,3,30%,30%,🟠 น่าสงสัย,250 340 210 175 88 127,
chap-07-trigonometry-q125,chap-07-trigonometry,รูป,mc,1,5,0,0%,0%,🔴 ไม่เคยเห็น,150 218.8 248.3 30 270,
chap-07-trigonometry-q126,chap-07-trigonometry,รูป,mc,1,6,0,0%,0%,🔴 ไม่เคยเห็น,70 40 250 370 82 310,
chap-07-trigonometry-q128,chap-07-trigonometry,รูป,mc,1,8,0,0%,0%,🔴 ไม่เคยเห็น,60 240 280 170 40 103,
chap-07-trigonometry-q129,chap-07-trigonometry,รูป,mc,1,3,1,33%,0%,🟠 น่าสงสัย,-51 -15,
chap-07-trigonometry-q13,chap-07-trigonometry,รูป,mc,1,3,0,0%,0%,🔴 ไม่เคยเห็น,-51 23 56,
chap-07-trigonometry-q130,chap-07-trigonometry,รูป,fill,"a = -0.3, b ≈ 0.95",5,2,40%,20%,🟠 น่าสงสัย,60 12 -8,
chap-07-trigonometry-q131,chap-07-trigonometry,รูป,fill,"$(-\sqrt{3}, -1)$",5,1,20%,0%,🟠 น่าสงสัย,20 -10 80 -14,
chap-07-trigonometry-q133,chap-07-trigonometry,รูป,fill,$\sqrt{7} + \dfrac{10}{3}$,132,7,5%,1%,🟠 น่าสงสัย,-0.3 -0.5 11.8 2.03333 5.13444 2.06667,
chap-07-trigonometry-q134,chap-07-trigonometry,รูป,mc,2,129,0,0%,0%,🔴 ไม่เคยเห็น,-0.15 1.85 -0.4 2.5 0.5236 0.54105,
chap-07-trigonometry-q135,chap-07-trigonometry,รูป,mc,1,171,0,0%,0%,🔴 ไม่เคยเห็น,-1.85 2.35 -0.25 1.35 -1.5708 0.5,
chap-07-trigonometry-q14,chap-07-trigonometry,รูป,mc,0,5,0,0%,0%,🔴 ไม่เคยเห็น,-47 -12 56 -50 -14,
chap-07-trigonometry-q145,chap-07-trigonometry,รูป,mc,2,4,0,0%,0%,🔴 ไม่เคยเห็น,-10 -36 -40 18,
chap-07-trigonometry-q147,chap-07-trigonometry,รูป,mc,3,6,2,33%,0%,🟠 น่าสงสัย,-8 -42 -38 10,
chap-07-trigonometry-q148,chap-07-trigonometry,รูป,mc,2,7,1,14%,0%,🟠 น่าสงสัย,-6 -36 -10 6.7 20 16,
chap-07-trigonometry-q149,chap-07-trigonometry,รูป,mc,3,4,0,0%,0%,🔴 ไม่เคยเห็น,-45 -50 40 56,
chap-07-trigonometry-q151,chap-07-trigonometry,รูป,mc,1,6,1,16%,0%,🟠 น่าสงสัย,-4 -42 -48 10 56,
chap-07-trigonometry-q152,chap-07-trigonometry,รูป,mc,2,139,3,2%,0%,🟠 น่าสงสัย,-0.3 6.6 -2.4 2.4 1.57 3.14,
chap-07-trigonometry-q153,chap-07-trigonometry,รูป,mc,0,139,16,11%,2%,🟠 น่าสงสัย,-12 195 -300 850 -29.5965 -57.8307,
chap-07-trigonometry-q154,chap-07-trigonometry,รูป,mc,1,159,1,0%,0%,🔴 ไม่เคยเห็น,-0.2 6.5 -0.7 0.7 0.5 -0.5,
chap-07-trigonometry-q158,chap-07-trigonometry,รูป,fill,$\dfrac{3\sqrt{7} - 1}{8}$,5,1,20%,0%,🟠 น่าสงสัย,70 250 310 44,
chap-07-trigonometry-q161,chap-07-trigonometry,รูป,fill,"$\tan\dfrac{\theta}{2} = \dfrac{1}{2},\ \sin\dfrac{\theta}{2} = \dfrac{1}{\sqrt{5}}$ หรือ $\tan\dfrac{\theta}{2} = -2,\ \sin\dfrac{\theta}{2} = \dfrac{2}{\sqrt{5}}$",4,2,50%,25%,🟢 น่าจะเห็น,230 250,
chap-07-trigonometry-q166,chap-07-trigonometry,รูป,mc,1,4,0,0%,0%,🔴 ไม่เคยเห็น,70 230 250 60,
chap-07-trigonometry-q167,chap-07-trigonometry,รูป,mc,0,4,1,25%,0%,🟠 น่าสงสัย,-20 17 56,
chap-07-trigonometry-q168,chap-07-trigonometry,รูป,mc,2,3,0,0%,0%,🔴 ไม่เคยเห็น,-47 -9 12,
chap-07-trigonometry-q169,chap-07-trigonometry,รูป,fill,7,13,3,23%,0%,🟠 น่าสงสัย,5.3 -10.7 60 120 -42 180,
chap-07-trigonometry-q17,chap-07-trigonometry,รูป,mc,1,140,2,1%,0%,🟠 น่าสงสัย,-6.7 6.7 -1.5 -6.28319 -6.15752 0.12533,
chap-07-trigonometry-q170,chap-07-trigonometry,รูป,mc,2,5,1,20%,0%,🟠 น่าสงสัย,-16 16 -98 -9.3,
chap-07-trigonometry-q176,chap-07-trigonometry,รูป,mc,0,3,0,0%,0%,🔴 ไม่เคยเห็น,10.7 12 18,
chap-07-trigonometry-q179,chap-07-trigonometry,รูป,fill,"$(x, y) = (0, 0),\ \left(\dfrac{\pi}{2}, \dfrac{\pi}{2}\right),\ (\pi, \pi),\ (0, \pi),\ (\pi, 0)$",16,0,0%,0%,🔴 ไม่เคยเห็น,-0.4 3.64159 3.14159 16 -4 -9.3,
chap-07-trigonometry-q18,chap-07-trigonometry,รูป,mc,2,228,0,0%,0%,🔴 ไม่เคยเห็น,-7.7 7.7 1.18 -7.0686 -7.0293 0.2801,
chap-07-trigonometry-q184,chap-07-trigonometry,รูป,mc,0,4,0,0%,0%,🔴 ไม่เคยเห็น,65 210 230 50,
chap-07-trigonometry-q185,chap-07-trigonometry,รูป,mc,3,5,0,0%,0%,🔴 ไม่เคยเห็น,65 210 230 50 10,
chap-07-trigonometry-q187,chap-07-trigonometry,รูป,mc,0,4,1,25%,0%,🟠 น่าสงสัย,210 230 50,
chap-07-trigonometry-q188,chap-07-trigonometry,รูป,mc,0,8,2,25%,12%,🟠 น่าสงสัย,60 150 230 255 20 300,
chap-07-trigonometry-q189,chap-07-trigonometry,รูป,fill,0.7,5,1,20%,0%,🟠 น่าสงสัย,65 210 230 50,
chap-07-trigonometry-q19,chap-07-trigonometry,รูป,mc,0,106,4,3%,0%,🟠 น่าสงสัย,-1.7 1.7 -1.57 -0.79 33 1.35,
chap-07-trigonometry-q190,chap-07-trigonometry,รูป,fill,0.28,4,0,0%,0%,🔴 ไม่เคยเห็น,60 195 215 45,
chap-07-trigonometry-q191,chap-07-trigonometry,รูป,mc,0,5,1,20%,0%,🟠 น่าสงสัย,65 210 230 50,
chap-07-trigonometry-q192,chap-07-trigonometry,รูป,mc,0,4,1,25%,0%,🟠 น่าสงสัย,60 195 215,
chap-07-trigonometry-q193,chap-07-trigonometry,รูป,mc,3,5,3,60%,20%,🟢 น่าจะเห็น,195 215,
chap-07-trigonometry-q199,chap-07-trigonometry,รูป,mc,1,10,3,30%,10%,🟠 น่าสงสัย,70 230 290 120 165 100,
chap-07-trigonometry-q20,chap-07-trigonometry,รูป,mc,2,4,0,0%,0%,🔴 ไม่เคยเห็น,-54.8 24.4 10.8 25,
chap-07-trigonometry-q201,chap-07-trigonometry,รูป,fill,$100\sqrt{6 + 4\sqrt{3}}$ เมตร,1,1,100%,0%,🟢 น่าจะเห็น,,
chap-07-trigonometry-q202,chap-07-trigonometry,รูป,mc,1,7,3,42%,42%,🟠 น่าสงสัย,40 160 324 36,
chap-07-trigonometry-q203,chap-07-trigonometry,รูป,fill,$90$ ฟุต,9,3,33%,22%,🟠 น่าสงสัย,290 74 146 205 46 42,
chap-07-trigonometry-q204,chap-07-trigonometry,รูป,mc,1,9,4,44%,44%,🟠 น่าสงสัย,40 180 245 153 120,
chap-07-trigonometry-q205,chap-07-trigonometry,รูป,mc,2,7,3,42%,28%,🟠 น่าสงสัย,55 190 136 298,
chap-07-trigonometry-q206,chap-07-trigonometry,รูป,mc,2,3,3,100%,100%,🔵 โจทย์มีเลขครบ,,
chap-07-trigonometry-q207,chap-07-trigonometry,รูป,mc,1,12,6,50%,25%,🟢 น่าจะเห็น,55 230 105 290 320 185,
chap-07-trigonometry-q208,chap-07-trigonometry,รูป,mc,1,2,2,100%,100%,🔵 โจทย์มีเลขครบ,,
chap-07-trigonometry-q209,chap-07-trigonometry,รูป,mc,1,12,5,41%,25%,🟠 น่าสงสัย,190 40 260 55 300 195,
chap-07-trigonometry-q211,chap-07-trigonometry,รูป,mc,3,1,0,0%,0%,🔴 ไม่เคยเห็น,113.14,
chap-07-trigonometry-q212,chap-07-trigonometry,รูป,mc,2,2,1,50%,0%,🟢 น่าจะเห็น,55,
chap-07-trigonometry-q213,chap-07-trigonometry,รูป,mc,1,1,0,0%,0%,🔴 ไม่เคยเห็น,85,
chap-07-trigonometry-q214,chap-07-trigonometry,รูป,fill,$\dfrac{3\sqrt{3}}{2}r^2$ ตารางหน่วย,12,2,16%,0%,🟠 น่าสงสัย,165 50 279.6 107.5 222.5 280,
chap-07-trigonometry-q215,chap-07-trigonometry,รูป,fill,$108$ ตารางหน่วย,17,2,11%,0%,🟠 น่าสงสัย,180 165 50 237.5 65.4 279.6,
chap-07-trigonometry-q216,chap-07-trigonometry,รูป,mc,1,7,2,28%,0%,🟠 น่าสงสัย,165 225 61.1 105 268.9,
chap-07-trigonometry-q217,chap-07-trigonometry,รูป,fill,$\dfrac{5\pi}{3} - 1 \approx 4.23$ ตารางหน่วย,4,2,50%,25%,🟢 น่าจะเห็น,75 -75,
chap-07-trigonometry-q218,chap-07-trigonometry,รูป,mc,3,15,0,0%,0%,🔴 ไม่เคยเห็น,44 210 116 138 220 114,
chap-07-trigonometry-q219,chap-07-trigonometry,รูป,mc,2,12,3,25%,25%,🟠 น่าสงสัย,210 205 85 256 34 300,
chap-07-trigonometry-q22,chap-07-trigonometry,รูป,mc,2,5,0,0%,0%,🔴 ไม่เคยเห็น,10.4 -14 -38.8 -18 20,
chap-07-trigonometry-q220,chap-07-trigonometry,รูป,fill,$\dfrac{1}{3}$,12,1,8%,8%,🟠 น่าสงสัย,163.8 221.8 234.1 211.6 200 40,
chap-07-trigonometry-q221,chap-07-trigonometry,รูป,mc,1,4,1,25%,0%,🟠 น่าสงสัย,50 182 226,
chap-07-trigonometry-q222,chap-07-trigonometry,รูป,mc,0,11,4,36%,9%,🟠 น่าสงสัย,212.4 84 264 255 65 175,
chap-07-trigonometry-q223,chap-07-trigonometry,รูป,mc,1,8,1,12%,12%,🟠 น่าสงสัย,107.4 80.3 70 210 232.2 0.5547,
chap-07-trigonometry-q224,chap-07-trigonometry,รูป,fill,$20\sqrt{13 + 6\sqrt{2}} \approx 92.70$ เมตร,13,5,38%,38%,🟠 น่าสงสัย,150 117 205 56.7 298.3 228.6,
chap-07-trigonometry-q225,chap-07-trigonometry,รูป,fill,$76$,7,3,42%,0%,🟠 น่าสงสัย,214 95.7 148 210,
chap-07-trigonometry-q226,chap-07-trigonometry,รูป,mc,3,7,1,14%,14%,🟠 น่าสงสัย,190 50 235 127.94 122.5 166.91,
chap-07-trigonometry-q227,chap-07-trigonometry,รูป,fill,"พื้นที่ $= 3 + \sqrt{3}$ ตารางหน่วย, $BD = \sqrt{6}$, $AC = \sqrt{10 + 4\sqrt{3}}$",8,1,12%,12%,🟠 น่าสงสัย,70 210 192.9 237.9 132.1 115,
chap-07-trigonometry-q228,chap-07-trigonometry,รูป,mc,2,6,1,16%,0%,🟠 น่าสงสัย,94.74 175 190 230 285.26,
chap-07-trigonometry-q229,chap-07-trigonometry,รูป,fill,$24$,4,2,50%,25%,🟢 น่าจะเห็น,220 90,
chap-07-trigonometry-q23,chap-07-trigonometry,รูป,mc,,7,0,0%,0%,🔴 ไม่เคยเห็น,12 -15.6 -42.8 -19.6 8.4 19.2,
chap-07-trigonometry-q230,chap-07-trigonometry,รูป,mc,2,4,0,0%,0%,🔴 ไม่เคยเห็น,45 114.71 237 171,
chap-07-trigonometry-q24,chap-07-trigonometry,รูป,mc,1,4,0,0%,0%,🔴 ไม่เคยเห็น,10 -10 -63.2 19.2,
chap-07-trigonometry-q26,chap-07-trigonometry,รูป,mc,2,6,0,0%,0%,🔴 ไม่เคยเห็น,-12 -34 -38 20 10 32,
chap-07-trigonometry-q27,chap-07-trigonometry,รูป,mc,3,5,0,0%,0%,🔴 ไม่เคยเห็น,-4 -10 -38 15 56,
chap-07-trigonometry-q29,chap-07-trigonometry,รูป,mc,3,148,1,0%,0%,🔴 ไม่เคยเห็น,-1.35 1.35 -0.4 6.5 -1.22 7.46795,
chap-07-trigonometry-q30,chap-07-trigonometry,รูป,mc,1,2,0,0%,0%,🔴 ไม่เคยเห็น,80 82,
chap-07-trigonometry-q32,chap-07-trigonometry,รูป,mc,2,6,2,33%,16%,🟠 น่าสงสัย,60 195 215 45,
chap-07-trigonometry-q39,chap-07-trigonometry,รูป,mc,1,5,1,20%,20%,🟠 น่าสงสัย,70 230 250 60,
chap-07-trigonometry-q41,chap-07-trigonometry,รูป,mc,0,10,2,20%,0%,🟠 น่าสงสัย,30 2.5 -0.5 1.6 3.2 2.2,
chap-07-trigonometry-q42,chap-07-trigonometry,รูป,mc,0,4,1,25%,0%,🟠 น่าสงสัย,70 230 250,
chap-07-trigonometry-q49,chap-07-trigonometry,รูป,mc,1,17,2,11%,0%,🟠 น่าสงสัย,6.4 -11.2 60 -8 90 -10,
chap-07-trigonometry-q50,chap-07-trigonometry,รูป,fill,9,187,2,1%,0%,🟠 น่าสงสัย,-6.9 6.9 -1.4 1.4 -6.28319 -6.20465,
chap-07-trigonometry-q51,chap-07-trigonometry,รูป,mc,2,9,6,66%,0%,🟢 น่าจะเห็น,-6 -10 -40,
chap-07-trigonometry-q54,chap-07-trigonometry,รูป,mc,3,6,0,0%,0%,🔴 ไม่เคยเห็น,30 -1.4 1.4 -0.4 0.9 0.75,
chap-07-trigonometry-q56,chap-07-trigonometry,รูป,mc,3,5,0,0%,0%,🔴 ไม่เคยเห็น,70 230 250 60 90,
chap-07-trigonometry-q62,chap-07-trigonometry,รูป,mc,2,3,1,33%,0%,🟠 น่าสงสัย,-9.3 -10,
chap-07-trigonometry-q63,chap-07-trigonometry,รูป,mc,0,4,0,0%,0%,🔴 ไม่เคยเห็น,-50 -4 18 60,
chap-07-trigonometry-q64,chap-07-trigonometry,รูป,mc,0,3,0,0%,0%,🔴 ไม่เคยเห็น,15 17 56,
chap-07-trigonometry-q65,chap-07-trigonometry,รูป,mc,1,4,0,0%,0%,🔴 ไม่เคยเห็น,13 -28 -12 56,
chap-07-trigonometry-q66,chap-07-trigonometry,รูป,mc,3,2,0,0%,0%,🔴 ไม่เคยเห็น,-6 -44,
chap-07-trigonometry-q67,chap-07-trigonometry,รูป,mc,2,7,0,0%,0%,🔴 ไม่เคยเห็น,1.5708 3.14159 4.71239 6.28319 55 35,
chap-07-trigonometry-q70,chap-07-trigonometry,รูป,mc,1,6,0,0%,0%,🔴 ไม่เคยเห็น,280 230 210 160 110 90,
chap-07-trigonometry-q71,chap-07-trigonometry,รูป,mc,3,9,0,0%,0%,🔴 ไม่เคยเห็น,50 198 165.4 164.9 211 92,
chap-07-trigonometry-q72,chap-07-trigonometry,รูป,mc,2,6,2,33%,0%,🟠 น่าสงสัย,-20 11 13 -12,
chap-07-trigonometry-q75,chap-07-trigonometry,รูป,mc,0,8,0,0%,0%,🔴 ไม่เคยเห็น,-1.5708 1.5708 3.14159 185 8342 32,
chap-07-trigonometry-q77,chap-07-trigonometry,รูป,mc,1,7,3,42%,28%,🟠 น่าสงสัย,70 230 250 60,
chap-07-trigonometry-q78,chap-07-trigonometry,รูป,mc,3,4,0,0%,0%,🔴 ไม่เคยเห็น,65 210 230 50,
chap-07-trigonometry-q80,chap-07-trigonometry,รูป,fill,8.8,4,0,0%,0%,🔴 ไม่เคยเห็น,60 195 215 45,
chap-07-trigonometry-q81,chap-07-trigonometry,รูป,fill,1.28,4,0,0%,0%,🔴 ไม่เคยเห็น,65 210 230 50,
chap-07-trigonometry-q84,chap-07-trigonometry,รูป,mc,2,4,0,0%,0%,🔴 ไม่เคยเห็น,65 210 230 50,
chap-07-trigonometry-q85,chap-07-trigonometry,รูป,mc,3,4,0,0%,0%,🔴 ไม่เคยเห็น,60 195 215 45,
chap-07-trigonometry-q87,chap-07-trigonometry,รูป,mc,3,4,0,0%,0%,🔴 ไม่เคยเห็น,95 2.0944 10 -6,
chap-07-trigonometry-q88,chap-07-trigonometry,รูป,mc,0,9,3,33%,0%,🟠 น่าสงสัย,60 150 230 255 20 300,
chap-07-trigonometry-q89,chap-07-trigonometry,รูป,mc,2,6,2,33%,33%,🟠 น่าสงสัย,65 210 230 50,
chap-07-trigonometry-q92,chap-07-trigonometry,รูป,fill,0.6,4,0,0%,0%,🔴 ไม่เคยเห็น,65 210 230 50,
gen-chap-01-set-q066,gen-chap-01-set,รูป,fill,44,3,3,100%,100%,🔵 โจทย์มีเลขครบ,,
gen-chap-01-set-q093,gen-chap-01-set,รูป,fill,5,3,3,100%,100%,🔵 โจทย์มีเลขครบ,,
gen-chap-01-set-q094,gen-chap-01-set,รูป,fill,10,2,2,100%,100%,🔵 โจทย์มีเลขครบ,,
gen-chap-01-set-q106,gen-chap-01-set,รูป,fill,17,1,1,100%,100%,🔵 โจทย์มีเลขครบ,,
gen-chap-01-set-q109,gen-chap-01-set,รูป,fill,6,3,3,100%,100%,🔵 โจทย์มีเลขครบ,,
gen-chap-01-set-q121,gen-chap-01-set,รูป,fill,94,2,2,100%,100%,🔵 โจทย์มีเลขครบ,,
gen-chap-01-set-q122,gen-chap-01-set,รูป,fill,7,3,3,100%,100%,🔵 โจทย์มีเลขครบ,,
gen-chap-01-set-q139,gen-chap-01-set,รูป,fill,9,2,2,100%,100%,🔵 โจทย์มีเลขครบ,,
gen-chap-01-set-q140,gen-chap-01-set,รูป,fill,17,2,2,100%,100%,🔵 โจทย์มีเลขครบ,,
gen-chap-01-set-q141,gen-chap-01-set,รูป,fill,25,3,3,100%,100%,🔵 โจทย์มีเลขครบ,,
gen-chap-01-set-q142,gen-chap-01-set,รูป,fill,7,3,3,100%,100%,🔵 โจทย์มีเลขครบ,,
gen-chap-01-set-q143,gen-chap-01-set,รูป,fill,7,3,3,100%,100%,🔵 โจทย์มีเลขครบ,,
gen-chap-01-set-q163,gen-chap-01-set,รูป,fill,64,3,3,100%,100%,🔵 โจทย์มีเลขครบ,,
gen-chap-01-set-q173,gen-chap-01-set,รูป,fill,34,1,1,100%,100%,🔵 โจทย์มีเลขครบ,,
gen-chap-01-set-q207,gen-chap-01-set,รูป,fill,13,3,3,100%,100%,🔵 โจทย์มีเลขครบ,,
gen-chap-01-set-q214,gen-chap-01-set,รูป,fill,20,3,3,100%,100%,🔵 โจทย์มีเลขครบ,,
gen-chap-01-set-q227,gen-chap-01-set,รูป,fill,7,4,4,100%,100%,🔵 โจทย์มีเลขครบ,,
gen-chap-01-set-q228,gen-chap-01-set,รูป,fill,15,3,3,100%,100%,🔵 โจทย์มีเลขครบ,,
gen-chap-01-set-q234,gen-chap-01-set,รูป,fill,15,3,3,100%,100%,🔵 โจทย์มีเลขครบ,,
gen-chap-01-set-q247,gen-chap-01-set,รูป,fill,17,3,3,100%,100%,🔵 โจทย์มีเลขครบ,,
gen-chap-01-set-q255,gen-chap-01-set,รูป,fill,10,5,5,100%,100%,🔵 โจทย์มีเลขครบ,,
gen-chap-01-set-q269,gen-chap-01-set,รูป,fill,22,3,3,100%,100%,🔵 โจทย์มีเลขครบ,,
gen-chap-01-set-q271,gen-chap-01-set,รูป,mc,0,3,3,100%,100%,🔵 โจทย์มีเลขครบ,,
gen-chap-01-set-q277,gen-chap-01-set,รูป,fill,5,3,3,100%,100%,🔵 โจทย์มีเลขครบ,,
gen-chap-01-set-q287,gen-chap-01-set,รูป,fill,5,3,3,100%,100%,🔵 โจทย์มีเลขครบ,,
gen-chap-01-set-q288,gen-chap-01-set,รูป,fill,5,3,3,100%,100%,🔵 โจทย์มีเลขครบ,,
gen-chap-01-set-q297,gen-chap-01-set,รูป,fill,21,3,3,100%,100%,🔵 โจทย์มีเลขครบ,,
gen-chap-01-set-q310,gen-chap-01-set,รูป,fill,22,3,3,100%,100%,🔵 โจทย์มีเลขครบ,,
gen-chap-01-set-q311,gen-chap-01-set,รูป,fill,20,2,2,100%,100%,🔵 โจทย์มีเลขครบ,,
gen-chap-01-set-q316,gen-chap-01-set,รูป,fill,38,3,3,100%,100%,🔵 โจทย์มีเลขครบ,,
gen-chap-01-set-q327,gen-chap-01-set,รูป,fill,8,3,3,100%,100%,🔵 โจทย์มีเลขครบ,,
gen-chap-01-set-q333,gen-chap-01-set,รูป,fill,17,1,1,100%,100%,🔵 โจทย์มีเลขครบ,,
gen-chap-01-set-q337,gen-chap-01-set,รูป,fill,23,3,3,100%,100%,🔵 โจทย์มีเลขครบ,,
gen-chap-01-set-q347,gen-chap-01-set,รูป,fill,10,3,3,100%,100%,🔵 โจทย์มีเลขครบ,,
gen-chap-01-set-q348,gen-chap-01-set,รูป,fill,11,3,3,100%,100%,🔵 โจทย์มีเลขครบ,,
gen-chap-01-set-q367,gen-chap-01-set,รูป,fill,31,2,2,100%,100%,🔵 โจทย์มีเลขครบ,,
gen-chap-01-set-q368,gen-chap-01-set,รูป,fill,12,2,2,100%,100%,🔵 โจทย์มีเลขครบ,,
gen-chap-01-set-q377,gen-chap-01-set,รูป,fill,23,4,4,100%,100%,🔵 โจทย์มีเลขครบ,,
gen-chap-01-set-q387,gen-chap-01-set,รูป,fill,8,3,3,100%,100%,🔵 โจทย์มีเลขครบ,,
gen-chap-01-set-q391,gen-chap-01-set,รูป,fill,18,3,3,100%,100%,🔵 โจทย์มีเลขครบ,,
gen-chap-01-set-q395,gen-chap-01-set,รูป,fill,13,3,3,100%,100%,🔵 โจทย์มีเลขครบ,,
pat1-2552-03-q10,pat1-2552-03,รูป,mc,0,42,3,7%,2%,🟠 น่าสงสัย,-2.7 1.7 -1.6 -2.65 1565 -6,
pat1-2552-03-q12,pat1-2552-03,รูป,mc,3,6,1,16%,16%,🟠 น่าสงสัย,110 262 96 47 40,
pat1-2552-03-q14,pat1-2552-03,รูป,mc,2,8,1,12%,0%,🟠 น่าสงสัย,-1.41421 1.41421 70 32 11 1565,
pat1-2552-03-q16,pat1-2552-03,รูป,mc,0,19,3,15%,0%,🟠 น่าสงสัย,26 -1.3 -1.4 3.9 1565 -0.4,
pat1-2552-03-q24,pat1-2552-03,รูป,mc,0,9,0,0%,0%,🔴 ไม่เคยเห็น,50 170 100 20 300 250,
pat1-2552-03-q28,pat1-2552-03,รูป,mc,1,18,1,5%,0%,🟠 น่าสงสัย,3.6 2.3 1.25 0.6 0.8 2.2,
pat1-2552-03-q33,pat1-2552-03,รูป,mc,2,6,1,16%,0%,🟠 น่าสงสัย,-1.22474 1.22474 60 999 333,
pat1-2552-07-q05,pat1-2552-07,รูป,mc,0,7,3,42%,0%,🟠 น่าสงสัย,60 36 -0.5 32,
pat1-2552-07-q06,pat1-2552-07,รูป,mc,0,5,2,40%,0%,🟠 น่าสงสัย,60 36 -2.449,
pat1-2552-07-q07,pat1-2552-07,รูป,mc,2,5,4,80%,20%,🟢 น่าจะเห็น,60,
pat1-2552-07-q12,pat1-2552-07,รูป,mc,2,5,1,20%,0%,🟠 น่าสงสัย,70 210 190 130,
pat1-2552-07-q14,pat1-2552-07,รูป,mc,3,18,2,11%,0%,🟠 น่าสงสัย,24 12 -7 77 1.5 6.5,
pat1-2552-07-q15,pat1-2552-07,รูป,mc,0,18,3,16%,0%,🟠 น่าสงสัย,-5 -3 -1 4.1231 77 -1.7627,
pat1-2552-07-q41,pat1-2552-07,ตาราง,mc,2,15,15,100%,0%,🟢 น่าจะเห็น,,
pat1-2552-07-q42,pat1-2552-07,ตาราง,mc,1,6,6,100%,33%,🟢 น่าจะเห็น,,
pat1-2552-07-q43,pat1-2552-07,รูป,mc,2,14,6,42%,28%,🟠 น่าสงสัย,-3.3 3.3 -0.18 2.45 1.5 0.93,
pat1-2552-10-q05,pat1-2552-10,รูป,mc,1,5,2,40%,20%,🟠 น่าสงสัย,64 38 32,
pat1-2552-10-q06,pat1-2552-10,รูป,mc,3,6,3,50%,0%,🟢 น่าจะเห็น,58 36 32,
pat1-2552-10-q09,pat1-2552-10,รูป,mc,1,8,1,12%,0%,🟠 น่าสงสัย,0392 -1.3 6.3 999 32 -0.707,
pat1-2552-10-q10,pat1-2552-10,รูป,mc,0,13,3,23%,0%,🟠 น่าสงสัย,-2.6 2.6 1.414 -1.3 1.3 0392,
pat1-2552-10-q19,pat1-2552-10,รูป,mc,1,14,7,50%,14%,🟢 น่าจะเห็น,-3.5 3.5 0.6826 0.32 -1.45 0.86,
pat1-2552-10-q23,pat1-2552-10,รูป,mc,3,9,2,22%,0%,🟠 น่าสงสัย,-0.25 3.4 122 0.5 0.667 0.83,
pat1-2552-10-q32,pat1-2552-10,รูป,fill,5.5,11,4,36%,0%,🟠 น่าสงสัย,-2.5 0392 2.5 1.25 1.75 2.7,
pat1-2552-10-q33,pat1-2552-10,รูป,fill,8,13,1,7%,7%,🟠 น่าสงสัย,-2.5 -3 -5 0392 4.51429 5.74062,
pat1-2552-10-q39,pat1-2552-10,รูป,fill,70,13,7,53%,15%,🟢 น่าจะเห็น,30 26 13 4.2 34 15.5,
pat1-2553-03-q04,pat1-2553-03,รูป,mc,0,6,2,33%,0%,🟠 น่าสงสัย,60 34 32 444,
pat1-2553-03-q06,pat1-2553-03,รูป,mc,3,8,1,12%,0%,🟠 น่าสงสัย,58 40 555 444 52 34,
pat1-2553-03-q08,pat1-2553-03,รูป,mc,2,13,2,15%,0%,🟠 น่าสงสัย,-8 -5 4.58258 14 444 0392,
pat1-2553-03-q09,pat1-2553-03,รูป,mc,3,7,5,71%,14%,🟢 น่าจะเห็น,11 -52,
pat1-2553-03-q11,pat1-2553-03,รูป,mc,1,6,3,50%,0%,🟢 น่าจะเห็น,58 36 444,
pat1-2553-03-q15,pat1-2553-03,รูป,mc,0,12,6,50%,0%,🟢 น่าจะเห็น,3.2 444 0392 14 -2.9 1.5,
pat1-2553-03-q26,pat1-2553-03,รูป,fill,18,4,4,100%,75%,🟢 น่าจะเห็น,,
pat1-2553-03-q29,pat1-2553-03,รูป,fill,0.5,5,0,0%,0%,🔴 ไม่เคยเห็น,70 200 310 40 38,
pat1-2553-03-q49,pat1-2553-03,รูป,fill,5,3,0,0%,0%,🔴 ไม่เคยเห็น,45 140 40,
pat1-2553-03-q50,pat1-2553-03,ตาราง,fill,2,8,1,12%,0%,🟠 น่าสงสัย,17 10 16 15 12 14,
pat1-2553-07-q04,pat1-2553-07,รูป,mc,2,4,1,25%,0%,🟠 น่าสงสัย,0.667 62 38,
pat1-2553-07-q07,pat1-2553-07,รูป,mc,0,4,1,25%,0%,🟠 น่าสงสัย,26 168 170,
pat1-2553-07-q25,pat1-2553-07,ตาราง,mc,1,5,5,100%,100%,🔵 โจทย์มีเลขครบ,,
pat1-2553-07-q26,pat1-2553-07,รูป,fill,26,4,4,100%,100%,🔵 โจทย์มีเลขครบ,,
pat1-2553-07-q27,pat1-2553-07,รูป,fill,2,7,1,14%,0%,🟠 น่าสงสัย,0.333 70 44 32 11 999,
pat1-2553-07-q45,pat1-2553-07,รูป,fill,4,5,0,0%,0%,🔴 ไม่เคยเห็น,140 30 65 174 215,
pat1-2553-07-q47,pat1-2553-07,ตาราง,fill,9,2,2,100%,100%,🔵 โจทย์มีเลขครบ,,
pat1-2553-07-q50,pat1-2553-07,ตาราง,fill,2,13,5,38%,23%,🟠 น่าสงสัย,26 29 32 47 44 41,
pat1-2553-10-q03,pat1-2553-10,รูป,mc,3,9,4,44%,0%,🟠 น่าสงสัย,60 36 11 0.6667 999,
pat1-2553-10-q07,pat1-2553-10,รูป,mc,0,12,5,41%,16%,🟠 น่าสงสัย,185 250 155 252 400 78,
pat1-2553-10-q09,pat1-2553-10,รูป,mc,1,7,7,100%,28%,🟢 น่าจะเห็น,,
pat1-2553-10-q21,pat1-2553-10,ตาราง,mc,1,10,10,100%,0%,🟢 น่าจะเห็น,,
pat1-2553-10-q22,pat1-2553-10,รูป,mc,3,4,4,100%,100%,🔵 โจทย์มีเลขครบ,,
pat1-2553-10-q34,pat1-2553-10,รูป,fill,17,11,4,36%,9%,🟠 น่าสงสัย,21 1565 11 2.6 4.8 32,
pat1-2553-10-q50,pat1-2553-10,ตาราง,fill,4,1,1,100%,100%,🔵 โจทย์มีเลขครบ,,
pat1-2554-03-q06,pat1-2554-03,รูป,mc,0,11,2,18%,9%,🟠 น่าสงสัย,45 135 165 34 58 155,
pat1-2554-03-q08,pat1-2554-03,รูป,mc,3,81,5,6%,0%,🟠 น่าสงสัย,30 -7 6.5 -6 1565 -0.75,
pat1-2554-03-q10,pat1-2554-03,รูป,mc,3,5,0,0%,0%,🔴 ไม่เคยเห็น,60 36 3.08 32 888,$A$ คือเซตคำตอบของอสมการ $2(\log_3x-1)^{\frac{1}{2}}+\log_{\frac13}x^3+4>0$
pat1-2554-03-q24,pat1-2554-03,ตาราง,mc,0,10,5,50%,20%,🟢 น่าจะเห็น,1.24 1.44 0.392 0.410 0.425,
pat1-2554-03-q25,pat1-2554-03,ตาราง,mc,3,10,2,20%,0%,🟠 น่าสงสัย,1.34 1.44 1.54 1.84 0.410 0.425,
pat1-2554-03-q26,pat1-2554-03,รูป,fill,415,5,5,100%,40%,🟢 น่าจะเห็น,,
pat1-2554-03-q38,pat1-2554-03,รูป,fill,157.5,20,15,75%,10%,🟢 น่าจะเห็น,1565 3.2 999 20.5 1.6,
pat1-2554-03-q47,pat1-2554-03,ตาราง,fill,48.8,7,7,100%,100%,🔵 โจทย์มีเลขครบ,,
pat1-2554-12-q04,pat1-2554-12,รูป,mc,1,6,1,16%,16%,🟠 น่าสงสัย,0.5 60 36 11 1565,
pat1-2554-12-q05,pat1-2554-12,รูป,mc,0,4,1,25%,0%,🟠 น่าสงสัย,60 36 11,
pat1-2554-12-q06,pat1-2554-12,รูป,mc,0,15,3,20%,6%,🟠 น่าสงสัย,-7 10 222 -5.89443 -0.447214 3.89443,
pat1-2554-12-q09,pat1-2554-12,รูป,mc,3,25,4,16%,12%,🟠 น่าสงสัย,-6.5 -7.5 4.6 2.23607 -1.25 1.25,
pat1-2554-12-q11,pat1-2554-12,รูป,fill,1.25,23,13,56%,21%,🟢 น่าจะเห็น,110 340 100 170 145 410,
pat1-2554-12-q12,pat1-2554-12,รูป,mc,3,13,2,15%,0%,🟠 น่าสงสัย,190 170 265 267.8 115.5 100.7,"เวกเตอร์ $\vec a,\vec b,\vec c$ บนระนาบสอดคล้อง $\vec a+\vec b+\vec c=\vec 0$ (ต่อหัวชนหางเป็นสามเหลี่ยมปิด) จากรูปประกอ"
pat1-2554-12-q13,pat1-2554-12,รูป,mc,2,8,0,0%,0%,🔴 ไม่เคยเห็น,60 80 228 164 284 172,
pat1-2554-12-q14,pat1-2554-12,รูป,mc,1,17,6,35%,0%,🟠 น่าสงสัย,-4.2 4.6 -5.4 1.3 999 1.73205,
pat1-2554-12-q16,pat1-2554-12,รูป,mc,3,9,2,22%,11%,🟠 น่าสงสัย,40 150 170 30 34 120,
pat1-2554-12-q20,pat1-2554-12,รูป,mc,3,2,2,100%,50%,🟢 น่าจะเห็น,,
pat1-2554-12-q21,pat1-2554-12,ตาราง,mc,1,10,10,100%,0%,🟢 น่าจะเห็น,,
pat1-2554-12-q22,pat1-2554-12,รูป,mc,2,14,5,35%,21%,🟠 น่าสงสัย,-3.2 3.2 -1.7 0.62 0.97 2.6,
pat1-2554-12-q30,pat1-2554-12,รูป,fill,2,29,11,37%,3%,🟠 น่าสงสัย,-4.3 5.3 -5.3 4.8 1.3 5.2,
pat1-2554-12-q33,pat1-2554-12,รูป,fill,93,12,2,16%,8%,🟠 น่าสงสัย,-1.5 10.5 -5 8.5 4.73205 -3.4641,
pat1-2554-12-q47,pat1-2554-12,รูป,fill,387,8,5,62%,100%,🔵 โจทย์มีเลขครบ,0.191 2.0 0.477,
pat1-2554-12-q48,pat1-2554-12,รูป,fill,80,12,3,25%,16%,🟠 น่าสงสัย,-3.2 3.2 -0.25 -2.7 0.55 0.97,
pat1-2555-03-q03,pat1-2555-03,รูป,mc,0,10,6,60%,0%,🟢 น่าจะเห็น,60 38 0.0909 32,
pat1-2555-03-q08,pat1-2555-03,รูป,mc,2,16,5,31%,0%,🟠 น่าสงสัย,-1.5 -9.5 5.5 -8.6 1565 5.2,
pat1-2555-03-q09,pat1-2555-03,รูป,mc,1,4,1,25%,0%,🟠 น่าสงสัย,60 38 11,
pat1-2555-03-q12,pat1-2555-03,รูป,mc,2,21,5,23%,9%,🟠 น่าสงสัย,4.2 -4.2 6.2 1.33333 2.33333 -2.6,
pat1-2555-03-q19,pat1-2555-03,รูป,mc,2,21,3,14%,0%,🟠 น่าสงสัย,-0.6 5.2 3.2 3.3333 1.3333 1.6,
pat1-2555-03-q22,pat1-2555-03,รูป,mc,0,31,13,41%,3%,🟠 น่าสงสัย,18 53 25.5 30.5 35.5 40.5,
pat1-2555-03-q23,pat1-2555-03,รูป,mc,3,9,6,66%,33%,🟢 น่าจะเห็น,16 48 6.5,นักเรียน 2 กลุ่ม กลุ่มละ 10 คน กลุ่มที่ 1: 7 6 5 8 3 6 9 7 6 10 และกลุ่มที่ 2: 6 9 15 12 1 8 7 7 5 6 มีข้อความ ก และ ข ใ
pat1-2555-03-q44,pat1-2555-03,รูป,fill,43.5,21,11,52%,9%,🟢 น่าจะเห็น,63 33 59.5 32 26 7.2,
pat1-2555-03-q45,pat1-2555-03,รูป,fill,33,8,2,25%,12%,🟠 น่าสงสัย,-3.2 3.2 0.34 -0.7 90 0.6,
pat1-2555-03-q48,pat1-2555-03,รูป,fill,15,21,3,14%,0%,🟠 น่าสงสัย,-1.5 10.5 -3 9.5 1.5 0.5,"กราฟ $y=-|x-1-a|+b$ (รูปตัววีคว่ำ) และกราฟ $y=|x-c|-d$ (รูปตัววีหงาย) ตัดกันที่จุด $(2,5)$ และ $(8,3)$"
pat1-2555-10-q04,pat1-2555-10,รูป,mc,1,10,4,40%,0%,🟠 น่าสงสัย,60 36 11 32 66 44,
pat1-2555-10-q05,pat1-2555-10,รูป,mc,2,5,2,40%,0%,🟠 น่าสงสัย,60 36 32,$A$ เป็นเซตคำตอบของอสมการ $(x-2)^{x^2+2}<(x-2)^{2x+10}$ เมื่อ $x>2$
pat1-2555-10-q07,pat1-2555-10,รูป,mc,1,7,3,42%,0%,🟠 น่าสงสัย,66 44 11 32,"$r=\{(x,y)\in I\times I \mid y=\dfrac{2x^2-8}{x^2+1}\}$ เมื่อ $I$ แทนเซตของจำนวนเต็ม"
pat1-2555-10-q11,pat1-2555-10,รูป,mc,1,14,8,57%,7%,🟢 น่าจะเห็น,888 222 5.3 -6.9 14 -0.6,
pat1-2555-10-q12,pat1-2555-10,รูป,mc,0,6,3,50%,0%,🟢 น่าจะเห็น,60 32 11,
pat1-2555-10-q14,pat1-2555-10,รูป,mc,1,28,7,25%,7%,🟠 น่าสงสัย,-0.5 11.5 5.7 2.6 2.33 4.5,
pat1-2555-10-q24,pat1-2555-10,รูป,mc,0,12,5,41%,33%,🟠 น่าสงสัย,-3.5 3.5 0.02 0.55 -0.5 0.75,
pat1-2555-10-q26,pat1-2555-10,รูป,fill,128,3,3,100%,0%,🟢 น่าจะเห็น,,
pat1-2555-10-q31,pat1-2555-10,รูป,fill,14.5,11,5,45%,18%,🟠 น่าสงสัย,-14 999 222 888 32 -13,
pat1-2555-10-q32,pat1-2555-10,รูป,fill,3,18,6,33%,11%,🟠 น่าสงสัย,8.5 -4.5 -0.67 8.67 2.3 8.562,
pat1-2555-10-q35,pat1-2555-10,รูป,fill,2,12,2,16%,0%,🟠 น่าสงสัย,-6.5 -3.5 3.5 11 32 222,
pat1-2555-10-q40,pat1-2555-10,รูป,fill,8.2,21,8,38%,0%,🟠 น่าสงสัย,-1.5 7.5 3.75 -0.75 0.3 3.6,
pat1-2555-10-q45,pat1-2555-10,รูป,fill,0.14,3,3,100%,33%,🟢 น่าจะเห็น,,
pat1-2555-10-q48,pat1-2555-10,ตาราง,fill,28,9,9,100%,100%,🔵 โจทย์มีเลขครบ,,
pat1-2556-03-q03,pat1-2556-03,รูป,mc,1,9,5,55%,0%,🟢 น่าจะเห็น,-0.666667 170 0392 32,
pat1-2556-03-q04,pat1-2556-03,รูป,mc,2,9,2,22%,0%,🟠 น่าสงสัย,-0.666667 165 32 1565 67 22,
pat1-2556-03-q05,pat1-2556-03,รูป,mc,3,9,4,44%,22%,🟠 น่าสงสัย,165 11 32 44 1565,
pat1-2556-03-q07,pat1-2556-03,รูป,mc,0,12,0,0%,0%,🔴 ไม่เคยเห็น,-2.8 2.8 90 32 180 270,
pat1-2556-03-q08,pat1-2556-03,รูป,mc,3,17,7,41%,0%,🟠 น่าสงสัย,-7.5 80 -20 -7 -0.285714 5.85714,
pat1-2556-03-q12,pat1-2556-03,รูป,mc,2,3,0,0%,0%,🔴 ไม่เคยเห็น,60 36 11,
pat1-2556-03-q14,pat1-2556-03,รูป,mc,1,18,10,55%,16%,🟢 น่าจะเห็น,555 10.5 6.7 11.5 4.6 5.33,
pat1-2556-03-q15,pat1-2556-03,รูป,mc,3,9,0,0%,0%,🔴 ไม่เคยเห็น,-0.5 2.6 1.6 32 -4 1.2,
pat1-2556-03-q16,pat1-2556-03,รูป,mc,1,7,4,57%,14%,🟢 น่าจะเห็น,150 230.5 282,
pat1-2556-03-q17,pat1-2556-03,รูป,mc,3,18,2,11%,0%,🟠 น่าสงสัย,11 -6 10 0392 -12 222,
pat1-2556-03-q20,pat1-2556-03,รูป,mc,1,19,3,15%,0%,🟠 น่าสงสัย,10.5 -18 0.5 0.75 32 6.87,
pat1-2556-03-q31,pat1-2556-03,รูป,fill,162,17,3,17%,5%,🟠 น่าสงสัย,-6 6.5 -4.3 4.24264 222 -10,
pat1-2556-03-q35,pat1-2556-03,รูป,fill,11,9,3,33%,11%,🟠 น่าสงสัย,-9 888 -6.5 6.3 999 1565,
pat1-2556-03-q38,pat1-2556-03,รูป,fill,24,28,8,28%,3%,🟠 น่าสงสัย,-0.5 10.5 28 1565 2.309 3.736,
pat1-2556-03-q45,pat1-2556-03,รูป,fill,200,17,4,23%,5%,🟠 น่าสงสัย,13 -3 11 0.8 2.4 32,
pat1-2556-03-q46,pat1-2556-03,รูป,fill,20,9,6,66%,44%,🟢 น่าจะเห็น,-3.2 3.2 0.62,
pat1-2556-03-q47,pat1-2556-03,รูป,fill,12,16,6,37%,6%,🟠 น่าสงสัย,-0.5 10.5 -5 19 -3.5 666,
pat1-2557-03-q01,pat1-2557-03,รูป,mc,2,1,1,100%,0%,🟢 น่าจะเห็น,,
pat1-2557-03-q04,pat1-2557-03,รูป,mc,1,3,1,33%,0%,🟠 น่าสงสัย,70 32,
pat1-2557-03-q05,pat1-2557-03,รูป,mc,2,3,0,0%,0%,🔴 ไม่เคยเห็น,60 28 32,
pat1-2557-03-q06,pat1-2557-03,รูป,mc,2,177,3,1%,0%,🟠 น่าสงสัย,-5.6 3.6 -9.8 9.8 -0.765 8.9806,
pat1-2557-03-q08,pat1-2557-03,รูป,mc,1,12,1,8%,0%,🟠 น่าสงสัย,150 240 100 284.4 139.2 217.2,
pat1-2557-03-q09,pat1-2557-03,รูป,mc,3,14,2,14%,0%,🟠 น่าสงสัย,3.2 -3 2.6 -8 0392 -12,
pat1-2557-03-q10,pat1-2557-03,รูป,mc,2,18,3,16%,0%,🟠 น่าสงสัย,-2.5 -6.5 5.5 -2.3 2.3 -1.1,
pat1-2557-03-q17,pat1-2557-03,รูป,mc,1,55,2,3%,0%,🟠 น่าสงสัย,-1.3 6.3 -7.6 4.6 1.66667 -6.33333,"$f(x)=x^2+ax+b$ เมื่อ $x<2$, $f(x)=\sqrt{x-1}$ เมื่อ $2\le x\le5$, และ $f(x)=ax+b$ เมื่อ $x>5$ โดยที่ $a,b$ เป็นค่าคงตัว"
pat1-2557-03-q18,pat1-2557-03,รูป,mc,3,3,1,33%,33%,🟠 น่าสงสัย,58 11,"$\displaystyle\int_{-2}^{2}|x^2-7x+6|\,dx=\dfrac{a}{b}$ เมื่อ $a,b$ เป็นจำนวนเต็ม $b\ne0$ และ ห.ร.ม. ของ $a,b$ เท่ากับ 1"
pat1-2557-03-q19,pat1-2557-03,รูป,mc,2,130,3,2%,0%,🟠 น่าสงสัย,-0.3 3.8 -0.02 0.35 0.02 0.0797,$f(x)=\dfrac{4x^3}{x^6-3x^3+64}$ สำหรับ $x$ เป็นจำนวนจริงบวกใด ๆ
pat1-2557-03-q22,pat1-2557-03,รูป,mc,2,26,11,42%,42%,🟠 น่าสงสัย,2549 2558.6 11.3 2551 2553 -3313.82,"ประชากร (แสนคน) ปี 2550-2554: $1.2, 2.6, a, 5.4, 6.3$ ตามลำดับ ความสัมพันธ์ระหว่างประชากรกับปี พ.ศ. เป็นเส้นตรง และพยากร"
pat1-2557-03-q24,pat1-2557-03,รูป,mc,1,4,2,50%,50%,🟢 น่าจะเห็น,65 30,(ก) ส่วนเบี่ยงเบนควอไทล์ $=20$ และสัมประสิทธิ์ของส่วนเบี่ยงเบนควอไทล์ $=\frac{2}{3}$; (ข) ชาย $20$ คนได้คนละ $32$ คะแนน 
pat1-2557-03-q25,pat1-2557-03,รูป,mc,0,22,5,22%,18%,🟠 น่าสงสัย,260 140 210 90 276 240,"เงินเดือนพนักงาน $50$ คน แจกแจงความถี่: $10{,}000-19{,}999$ มี $5$ คน; $20{,}000-29{,}999$ มี $10$ คน; $30{,}000-49{,}99"
pat1-2557-03-q28,pat1-2557-03,รูป,mc,0,24,6,25%,16%,🟠 น่าสงสัย,17 12 4.5 1.5 555 12.5,"$P=Ax+By$ โดย $3A=2B$ ($A,B>0$); ข้อจำกัด $x+2y\leq20,\ 7x+9y\leq105,\ 5x+3y\geq15,\ x\geq0,\ y\geq0$"
pat1-2557-03-q33,pat1-2557-03,รูป,fill,2,9,4,44%,11%,🟠 น่าสงสัย,146.924 143.076 235 306.141 34,
pat1-2557-03-q41,pat1-2557-03,รูป,fill,15.87,11,5,45%,18%,🟠 น่าสงสัย,-3.2 3.2 -1.9 0.35 -1.3 0.9,"คะแนนคณิตศาสตร์ $\bar{x}=63,\ \sigma^2=25$; คะแนนอังกฤษ $\bar{x}=72,\ \sigma^2=9$; นักเรียนคนหนึ่งได้คะแนนสองวิชาเท่ากัน"
pat1-2557-03-q42,pat1-2557-03,รูป,fill,100,19,6,31%,10%,🟠 น่าสงสัย,-0.6 5.3 -8 112 -0.5 4.35,กำหนดฟังก์ชัน $f:\mathbb{R}\to\mathbb{R}$ ซึ่งหาอนุพันธ์ได้ทุกอันดับ โดยอนุพันธ์อันดับสองคือ $f''(x)=3+6x$ สำหรับทุกจำนว
pat1-2557-04-q04,pat1-2557-04,รูป,mc,3,5,2,40%,20%,🟠 น่าสงสัย,58 32 1565,พิจารณาสมการค่าสัมบูรณ์ $|2-2x|+|x+2|=4-x$ โดยกำหนดให้ $A$ แทนเซตคำตอบทั้งหมดของสมการนี้ (เซตของจำนวนจริง x ทุกค่าที่ทำใ
pat1-2557-04-q08,pat1-2557-04,รูป,mc,0,18,4,22%,5%,🟠 น่าสงสัย,-5 11 -6.5 10.5 19 0392,F คือโฟกัสของพาราโบลา $4y=x^2-6x+13$ ซึ่งต้องจัดรูปให้เป็นสมการมาตรฐานก่อนจึงจะหาตำแหน่งโฟกัสได้; กำหนดให้มีไฮเพอร์โบลาอ
pat1-2557-04-q09,pat1-2557-04,รูป,mc,3,19,4,21%,0%,🟠 น่าสงสัย,13 -5 7.5 10.6603 -6.66025 44,"วงรี $x^2+Ay^2+Bx+Cy-92=0$ มีจุดศูนย์กลางที่ $(2,1)$ และแกนเอกยาวเป็น 2 เท่าของแกนโท"
pat1-2557-04-q10,pat1-2557-04,รูป,mc,0,25,4,16%,0%,🟠 น่าสงสัย,-0.5 3.5 0392 32 1.553 0.776,กำหนดเส้นตรงสองเส้น $x-3y+1=0$ และ $2x+5y-9=0$ ตัดกันที่จุด A ให้เส้นตรง L เป็นเส้นตรงอีกเส้นหนึ่งที่ผ่านจุด A มีความชัน
pat1-2557-04-q11,pat1-2557-04,รูป,mc,2,7,1,14%,0%,🟠 น่าสงสัย,257.2 86.4 235 297 36 32,
pat1-2557-04-q14,pat1-2557-04,รูป,mc,0,6,1,16%,16%,🟠 น่าสงสัย,60 200 210 260 50,
pat1-2557-04-q17,pat1-2557-04,รูป,mc,1,20,4,20%,10%,🟠 น่าสงสัย,-5 5.8 7.5 1565 -3.892 6.537,
pat1-2557-04-q19,pat1-2557-04,รูป,mc,1,14,2,14%,0%,🟠 น่าสงสัย,-1.2 1.8 222 0.33333 1.33333 44,
pat1-2557-04-q21,pat1-2557-04,รูป,mc,3,14,2,14%,0%,🟠 น่าสงสัย,-4.2 2.2 -3.6 3.6 0392 44,
pat1-2557-04-q22,pat1-2557-04,รูป,mc,0,20,7,35%,10%,🟠 น่าสงสัย,3.7 1.18 0.4 3.5 0392 1.35,
pat1-2557-04-q24,pat1-2557-04,รูป,mc,2,13,8,61%,46%,🟢 น่าจะเห็น,-3.5 3.5 0.52 -1.55 0.62,
pat1-2557-04-q25,pat1-2557-04,รูป,mc,3,13,9,69%,46%,🟢 น่าจะเห็น,24 69 60 56,
pat1-2557-04-q28,pat1-2557-04,รูป,mc,1,26,10,38%,11%,🟠 น่าสงสัย,13 6.2 1565 1.5 32 3.15,
pat1-2557-04-q32,pat1-2557-04,รูป,fill,54,9,4,44%,22%,🟠 น่าสงสัย,243 35 205 308 34,
pat1-2557-04-q41,pat1-2557-04,รูป,fill,38,22,5,22%,4%,🟠 น่าสงสัย,-0.6 2.6 37 26 34 222,
pat1-2557-11-q09,pat1-2557-11,รูป,mc,1,6,4,66%,0%,🟢 น่าจะเห็น,-8 56,
pat1-2557-11-q10,pat1-2557-11,รูป,mc,2,13,4,30%,0%,🟠 น่าสงสัย,-0.3 4.3 -2.8 2.8 1.41421 -9,
pat1-2557-11-q11,pat1-2557-11,รูป,mc,0,20,3,15%,10%,🟠 น่าสงสัย,6.5 3.6667 3.25 0392 999 0.4,
pat1-2557-11-q12,pat1-2557-11,รูป,mc,3,7,3,42%,14%,🟠 น่าสงสัย,122 108 280 42,
pat1-2557-11-q13,pat1-2557-11,รูป,mc,1,7,3,42%,14%,🟠 น่าสงสัย,60 36 32 24,
pat1-2557-11-q17,pat1-2557-11,รูป,mc,0,16,5,31%,18%,🟠 น่าสงสัย,-2.2 -4.2 6.2 999 2.25 4.75,
pat1-2557-11-q18,pat1-2557-11,รูป,mc,0,20,3,15%,10%,🟠 น่าสงสัย,-1.6 8.2 -1.4 7.6 2.5 2.2,
pat1-2557-11-q24,pat1-2557-11,รูป,mc,2,15,6,40%,20%,🟠 น่าสงสัย,6.3 22 3.3 21.3 -8 222,
pat1-2557-11-q27,pat1-2557-11,รูป,mc,2,12,7,58%,41%,🟢 น่าจะเห็น,-3.5 3.5 -1.7 0.16 2.6,
pat1-2557-11-q32,pat1-2557-11,รูป,fill,169,1,1,100%,0%,🟢 น่าจะเห็น,,
pat1-2557-11-q41,pat1-2557-11,รูป,fill,34.5,11,6,54%,18%,🟢 น่าจะเห็น,-0.3 5.3 2.7 22.3 -1.6,
pat1-2558-03-q01,pat1-2558-03,รูป,mc,1,6,0,0%,0%,🔴 ไม่เคยเห็น,118 -1.41421 -0.666667 1.41421 32 56,
pat1-2558-03-q03,pat1-2558-03,รูป,mc,1,4,1,25%,0%,🟠 น่าสงสัย,78 0.5 32,
pat1-2558-03-q04,pat1-2558-03,รูป,mc,2,6,2,33%,0%,🟠 น่าสงสัย,118 56 32 0392,
pat1-2558-03-q06,pat1-2558-03,รูป,mc,3,4,1,25%,0%,🟠 น่าสงสัย,135 165 34,
pat1-2558-03-q10,pat1-2558-03,รูป,mc,0,14,4,28%,0%,🟠 น่าสงสัย,0392 56 0.3 -2.5108 7.9 -1.1595,
pat1-2558-03-q11,pat1-2558-03,รูป,mc,0,6,3,50%,0%,🟢 น่าจะเห็น,999 0392 222,
pat1-2558-03-q12,pat1-2558-03,รูป,mc,3,9,4,44%,0%,🟠 น่าสงสัย,170 260 140 40 34,
pat1-2558-03-q19,pat1-2558-03,รูป,mc,3,27,8,29%,3%,🟠 น่าสงสัย,10 4.24264 222 14 11 -15,"วงรีรูปหนึ่งผ่านจุด (8, 0) มีจุดศูนย์กลางอยู่ที่ (4, -1) และมีโฟกัสจุดหนึ่งอยู่ที่ (1, -1); พาราโบลารูปหนึ่งมีโฟกัสอยู่ท"
pat1-2558-03-q22,pat1-2558-03,รูป,mc,2,23,8,34%,17%,🟠 น่าสงสัย,-10 210 180 133.33 35 555,นาย ก. มีที่ดิน $150$ ไร่ จะปลูกมันหรือสับปะรด โดยปลูกมันไร่ละ $200$ บาท (ต้นกล้า) ใช้แรงงานไร่ละ $10$ ชั่วโมง กำไรไร่ละ
pat1-2558-03-q27,pat1-2558-03,รูป,mc,0,10,4,40%,20%,🟠 น่าสงสัย,-3.2 3.2 -0.9 -1.9 0.55 1.9,คะแนนสอบมีการแจกแจงปกติ มัธยฐาน = 60 คะแนน นักเรียนที่ได้คะแนนน้อยกว่า 55.5 คะแนน มีร้อยละ 18.41 พร้อมตารางพื้นที่ใต้โค้
pat1-2558-03-q29,pat1-2558-03,รูป,mc,3,16,5,31%,6%,🟠 น่าสงสัย,-1.7 -1.6 1.6 999 0.866 0.5,"กำหนด $z=a+bi$ โดย $a,b\in\mathbb{R}$, $ab>0$ และ $z^3=i$"
pat1-2558-10-q02,pat1-2558-10,รูป,mc,4,1,1,100%,0%,🟢 น่าจะเห็น,,
pat1-2558-10-q03,pat1-2558-10,รูป,mc,2,4,3,75%,25%,🟢 น่าจะเห็น,32,A คือเซตคำตอบของอสมการ $\bigl| |x-1|-1 \bigr| < 1$ และ B คือเซตคำตอบของอสมการ $\dfrac{1}{x+1} \ge \dfrac{2x-2}{x^2-3x+2}
pat1-2558-10-q10,pat1-2558-10,รูป,mc,4,23,7,30%,0%,🟠 น่าสงสัย,-11 360 -5.61 -2.178 -9.2 5.2,วงกลม $C: x^2+y^2+ax-6y-12=0$ เมื่อ $a>0$ และระยะทางจากจุดศูนย์กลางของ $C$ ไปยังเส้นตรง $4x+3y=71$ เท่ากับ 14 หน่วย
pat1-2558-10-q11,pat1-2558-10,รูป,mc,2,22,6,27%,0%,🟠 น่าสงสัย,-9 6.708 4.472 360 5.1 0392,"พาราโบลา $y^2-4y+40x-236=0$ มีจุดยอด $V$ และโฟกัส $F$ วงรีรูปหนึ่งผ่านจุด $(4,6)$ และมีโฟกัสอยู่ที่ $V$ และ $F$"
pat1-2558-10-q14,pat1-2558-10,รูป,mc,0,22,3,13%,4%,🟠 น่าสงสัย,-5 -4 222 2.3 -1.3 1.3,"$C: y=2+x|x-1|$ เป็นเส้นโค้ง และจุด $(0,2)$ อยู่บนเส้นโค้งนี้ $L$ คือเส้นสัมผัส $C$ ที่จุด $(0,2)$ ส่วน $N$ คือเส้นตรงที"
pat1-2558-10-q16,pat1-2558-10,รูป,mc,3,11,3,27%,18%,🟠 น่าสงสัย,-3 18 0392 -6 -8 13.86,"$\vec A=16\bar i+a\bar j$ และ $\vec B=8\bar i+b\bar j$ เมื่อ $a,b\in\mathbb{R}$ โดยที่ $|\vec A|=|\vec B|$ และเวกเตอร์ $"
pat1-2558-10-q19,pat1-2558-10,รูป,mc,1,23,11,47%,8%,🟠 น่าสงสัย,-11 -5 -25.2 -20 222 0392,z เป็นจำนวนเชิงซ้อนที่สอดคล้องสมการ $(1+i)\bar z-\dfrac{(9-7i)(\bar z-z)}{3+i}=6-2i$ โดย $\bar z$ แทนสังยุคของ z
pat1-2558-10-q22,pat1-2558-10,รูป,mc,3,10,6,60%,20%,🟢 น่าจะเห็น,-3 0.08 -2.05 0.68,
pat1-2558-10-q25,pat1-2558-10,รูป,mc,4,11,0,0%,0%,🔴 ไม่เคยเห็น,4.5 0.62 1.55 3.4 0.45 3.5,
pat1-2558-10-q29,pat1-2558-10,ตาราง,mc,1,1,1,100%,100%,🔵 โจทย์มีเลขครบ,,
pat1-2558-10-q31,pat1-2558-10,รูป,fill,230,3,3,100%,66%,🟢 น่าจะเห็น,,
pat1-2558-10-q42,pat1-2558-10,รูป,fill,1.5,4,2,50%,0%,🟢 น่าจะเห็น,0.7071 999,
pat1-2559-03-q07,pat1-2559-03,รูป,mc,1,7,2,28%,14%,🟠 น่าสงสัย,66 44 11 32 777,
pat1-2559-03-q11,pat1-2559-03,รูป,mc,4,7,3,42%,0%,🟠 น่าสงสัย,-8 0392 -6 -8.3,
pat1-2559-03-q12,pat1-2559-03,รูป,mc,2,6,3,50%,16%,🟢 น่าจะเห็น,66 44 11,
pat1-2559-03-q13,pat1-2559-03,รูป,mc,2,20,4,20%,0%,🟠 น่าสงสัย,-7 0392 222 -38 -11 29,
pat1-2559-03-q15,pat1-2559-03,รูป,mc,0,9,3,33%,11%,🟠 น่าสงสัย,-3 1.5 0392 888 222 32,
pat1-2559-03-q16,pat1-2559-03,รูป,mc,2,16,3,18%,6%,🟠 น่าสงสัย,-4.5 4.5 -2.25 0.875 2.25 32,
pat1-2559-03-q17,pat1-2559-03,รูป,mc,0,17,3,17%,0%,🟠 น่าสงสัย,-5 5.2 -6 40 16 24,
pat1-2559-03-q19,pat1-2559-03,รูป,mc,1,8,6,75%,0%,🟢 น่าจะเห็น,44 32,
pat1-2559-03-q27,pat1-2559-03,รูป,mc,1,16,4,25%,0%,🟠 น่าสงสัย,-0.5 10.5 10 6.48 73 -8,
pat1-2559-03-q32,pat1-2559-03,รูป,fill,45,4,2,50%,0%,🟢 น่าจะเห็น,60 38,
pat1-2559-03-q33,pat1-2559-03,รูป,fill,5,16,5,31%,12%,🟠 น่าสงสัย,0.62 1.31 32 -1.96 0.46 888,
pat1-2559-03-q37,pat1-2559-03,รูป,fill,61,10,4,40%,0%,🟠 น่าสงสัย,0.1915 0.6 0.2257 0.3413 1.25 0.3944,
pat1-2559-03-q41,pat1-2559-03,รูป,fill,20,14,3,21%,0%,🟠 น่าสงสัย,-6 3.8 -0.8 -2.6 5.6 0392,
pat1-2559-10-q06,pat1-2559-10,รูป,mc,2,3,2,66%,0%,🟢 น่าจะเห็น,11,
pat1-2559-10-q08,pat1-2559-10,รูป,mc,3,16,5,31%,0%,🟠 น่าสงสัย,-1.6 -4 -1.3 1457 2.204 6.595,
pat1-2559-10-q10,pat1-2559-10,รูป,mc,2,5,1,20%,0%,🟠 น่าสงสัย,-4 1457 2.1 13,
pat1-2559-10-q11,pat1-2559-10,รูป,mc,3,2,1,50%,50%,🟢 น่าจะเห็น,-0.9273,
pat1-2559-10-q12,pat1-2559-10,รูป,mc,2,4,1,25%,0%,🟠 น่าสงสัย,60 36 32,
pat1-2559-10-q14,pat1-2559-10,รูป,mc,2,14,6,42%,7%,🟠 น่าสงสัย,12 7.6 1.6 2.667 0.3 8.7,
pat1-2559-10-q17,pat1-2559-10,รูป,mc,3,16,4,25%,0%,🟠 น่าสงสัย,-13 11 17.3 2.7 -24.7 24,
pat1-2559-10-q18,pat1-2559-10,รูป,mc,0,6,2,33%,16%,🟠 น่าสงสัย,250 290 150 90,
pat1-2559-10-q19,pat1-2559-10,รูป,mc,3,15,1,6%,0%,🟠 น่าสงสัย,-0.5 1457 4.722 7.995 1.5 5.5,
pat1-2559-10-q22,pat1-2559-10,รูป,mc,0,12,4,33%,0%,🟠 น่าสงสัย,-9 1457 -8 0392 -1.2 -2.4,
pat1-2559-10-q26,pat1-2559-10,รูป,mc,4,6,2,33%,16%,🟠 น่าสงสัย,-1.4 1.4 -1.3 -1.15,
pat1-2559-10-q27,pat1-2559-10,รูป,mc,1,5,2,40%,0%,🟠 น่าสงสัย,66 40 11,
pat1-2559-10-q34,pat1-2559-10,รูป,fill,1.5,5,0,0%,0%,🔴 ไม่เคยเห็น,-6 -37 -20 -22 16,
pat1-2559-10-q35,pat1-2559-10,รูป,fill,23,17,3,17%,5%,🟠 น่าสงสัย,-3.5 3.5 999 1457 0.515 7.688,
pat1-2559-10-q37,pat1-2559-10,รูป,fill,4,10,2,20%,0%,🟠 น่าสงสัย,-0.75 -0.2 1.5 1.6667 66 40,
pat1-2559-10-q40,pat1-2559-10,รูป,fill,64.25,4,2,50%,50%,🟢 น่าจะเห็น,-3.2 3.2,
pat1-2559-10-q45,pat1-2559-10,รูป,fill,20,11,4,36%,9%,🟠 น่าสงสัย,1.6667 1.2 1.6 4.6 3.5 3.7,
pat1-2560-03-q02,pat1-2560-03,รูป,mc,3,2,2,100%,100%,🔵 โจทย์มีเลขครบ,,
pat1-2560-03-q10,pat1-2560-03,รูป,mc,0,10,4,40%,10%,🟠 น่าสงสัย,26 12 0392 555 222 -15,
pat1-2560-03-q16,pat1-2560-03,รูป,mc,4,9,5,55%,11%,🟢 น่าจะเห็น,-8 9.5 14 9.3,
pat1-2560-03-q17,pat1-2560-03,รูป,mc,2,12,1,8%,0%,🟠 น่าสงสัย,-0.5 2.6 -1.5 3.5 1.85 3.35,
pat1-2560-03-q18,pat1-2560-03,รูป,mc,3,4,2,50%,0%,🟢 น่าจะเห็น,66 32,
pat1-2560-03-q20,pat1-2560-03,รูป,mc,3,10,4,40%,30%,🟠 น่าสงสัย,-3 -0.682 0.682 30 0.12 0.62,
pat1-2560-03-q21,pat1-2560-03,รูป,mc,3,4,1,25%,25%,🟠 น่าสงสัย,66 67 22,
pat1-2560-03-q22,pat1-2560-03,รูป,mc,0,3,1,33%,0%,🟠 น่าสงสัย,11 888,
pat1-2560-03-q30,pat1-2560-03,รูป,mc,1,18,6,33%,0%,🟠 น่าสงสัย,-12 11 10.6667 -1.33333 -5.5 10.3,
pat1-2560-03-q31,pat1-2560-03,รูป,fill,7,1,0,0%,0%,🔴 ไม่เคยเห็น,32,
pat1-2560-03-q34,pat1-2560-03,ตาราง,fill,24,14,14,100%,7%,🟢 น่าจะเห็น,,
pat1-2560-03-q35,pat1-2560-03,ตาราง,fill,62,14,10,71%,14%,🟢 น่าจะเห็น,2.5 0.1915 0.3413 0.4938,
pat1-2560-03-q39,pat1-2560-03,รูป,fill,4,4,2,50%,25%,🟢 น่าจะเห็น,0392 32,
pat1-2560-03-q45,pat1-2560-03,รูป,fill,109,22,8,36%,13%,🟠 น่าสงสัย,6.2 555 1.9 0.42 20 0.55,
pat1-2561-02-q02,pat1-2561-02,รูป,mc,2,4,1,25%,0%,🟠 น่าสงสัย,60 36 32,
pat1-2561-02-q03,pat1-2561-02,รูป,mc,3,6,3,50%,0%,🟢 น่าจะเห็น,60 36 32,
pat1-2561-02-q05,pat1-2561-02,รูป,mc,2,6,2,33%,0%,🟠 น่าสงสัย,60 36 32 11,
pat1-2561-02-q08,pat1-2561-02,รูป,mc,3,16,4,25%,6%,🟠 น่าสงสัย,-6 3.02372 222 -18.7 26 1.3,
pat1-2561-02-q09,pat1-2561-02,รูป,mc,3,4,1,25%,0%,🟠 น่าสงสัย,60 36 11,
pat1-2561-02-q12,pat1-2561-02,รูป,mc,1,12,2,16%,8%,🟠 น่าสงสัย,10 1.3 0392 1.6 5.3 3.5,
pat1-2561-02-q17,pat1-2561-02,รูป,mc,3,20,8,40%,5%,🟠 น่าสงสัย,30 -7 222 1.5 -5.16667 5.83333,
pat1-2561-02-q20,pat1-2561-02,รูป,mc,0,10,8,80%,50%,🟢 น่าจะเห็น,0.32 0.55,
pat1-2561-02-q21,pat1-2561-02,รูป,mc,4,7,6,85%,0%,🟢 น่าจะเห็น,13,
pat1-2561-02-q23,pat1-2561-02,รูป,mc,0,13,2,15%,0%,🟠 น่าสงสัย,1.1547 222 -18 -29.3 -13.3 3.3,
pat1-2561-02-q30,pat1-2561-02,รูป,mc,0,14,3,21%,7%,🟠 น่าสงสัย,10 0.38 -10 -100 12 100,
pat1-2562-02-q03,pat1-2562-02,รูป,mc,4,4,2,50%,0%,🟢 น่าจะเห็น,60 36,
pat1-2562-02-q04,pat1-2562-02,รูป,mc,4,5,2,40%,0%,🟠 น่าสงสัย,66 888888 32,
pat1-2562-02-q08,pat1-2562-02,รูป,mc,1,10,2,20%,0%,🟠 น่าสงสัย,-2.5 -0.5 -18 21 24 14,
pat1-2562-02-q10,pat1-2562-02,รูป,mc,2,7,4,57%,0%,🟢 น่าจะเห็น,-0.4 1.8 -10,
pat1-2562-02-q14,pat1-2562-02,รูป,mc,2,11,2,18%,0%,🟠 น่าสงสัย,26 -3 0392 32 222 4.3,
pat1-2562-02-q15,pat1-2562-02,รูป,mc,3,11,3,27%,9%,🟠 น่าสงสัย,108 255 212 70 120 40,
pat1-2562-02-q16,pat1-2562-02,รูป,mc,4,18,6,33%,0%,🟠 น่าสงสัย,11 1.73205 -1.5 1.5 0392 -29,
pat1-2562-02-q19,pat1-2562-02,รูป,mc,1,9,1,11%,0%,🟠 น่าสงสัย,-0.8 1.8 2.5 0.866025 32 0392,
pat1-2562-02-q20,pat1-2562-02,รูป,mc,3,15,7,46%,0%,🟠 น่าสงสัย,-3.5 0.5 1.33333 -0.5 999 888,
pat1-2562-02-q22,pat1-2562-02,รูป,mc,1,11,1,9%,9%,🟠 น่าสงสัย,-1.5 3.5 999 -14 12 -10,
pat1-2562-02-q23,pat1-2562-02,รูป,mc,3,10,1,10%,0%,🟠 น่าสงสัย,-1.3 1.3 -0.3 -0.5 0.866025 32,
pat1-2562-02-q26,pat1-2562-02,รูป,mc,0,6,1,16%,0%,🟠 น่าสงสัย,-0.8 0.6 3.5 -8 -10,
pat1-2562-02-q28,pat1-2562-02,รูป,mc,3,6,4,66%,66%,🟢 น่าจะเห็น,-3 -1.4,
pat1-2562-02-q29,pat1-2562-02,รูป,mc,2,11,4,36%,9%,🟠 น่าสงสัย,1.6667 555 1.9 4.1 0.3 4.3333,
pat1-2562-02-q34,pat1-2562-02,รูป,fill,20,10,6,60%,10%,🟢 น่าจะเห็น,52 200 260 46,
pat1-2562-02-q35,pat1-2562-02,รูป,fill,24,1,1,100%,100%,🔵 โจทย์มีเลขครบ,,
pat1-2563-02-q04,pat1-2563-02,รูป,mc,1,9,0,0%,0%,🔴 ไม่เคยเห็น,-4.5 4.5 -3.5 2.5 -8 14,
pat1-2563-02-q05,pat1-2563-02,รูป,mc,1,4,4,100%,50%,🟢 น่าจะเห็น,,
pat1-2563-02-q10,pat1-2563-02,รูป,mc,3,17,4,23%,0%,🟠 น่าสงสัย,-1 -1.5 0.15 3.5 999 9.4,
pat1-2563-02-q13,pat1-2563-02,รูป,mc,2,7,4,57%,28%,🟢 น่าจะเห็น,60 222 32,
pat1-2563-02-q17,pat1-2563-02,รูป,mc,3,16,3,18%,6%,🟠 น่าสงสัย,-2.5 -1.5 10.5 -2.3 2.6 0.601,
pat1-2563-02-q20,pat1-2563-02,รูป,mc,0,20,7,35%,5%,🟠 น่าสงสัย,-2.5 8.5 999 3.186 -1.534 3.6,
pat1-2563-02-q23,pat1-2563-02,รูป,mc,2,6,1,16%,0%,🟠 น่าสงสัย,60 36 32 66 44,
pat1-2563-02-q24,pat1-2563-02,รูป,mc,3,8,3,37%,0%,🟠 น่าสงสัย,60 36 32 66 44,
pat1-2563-02-q25,pat1-2563-02,รูป,mc,3,13,2,15%,7%,🟠 น่าสงสัย,-0.5 3.5 999 1.15 -0.7 32,
pat1-2563-02-q33,pat1-2563-02,รูป,mc,0,16,4,25%,0%,🟠 น่าสงสัย,-0.3 2.7 -1.038 0.705 2.8 1.643,
pat1-2563-02-q35,pat1-2563-02,รูป,mc,1,25,10,40%,12%,🟠 น่าสงสัย,700 100 300 400 500 680,
pat1-2563-02-q37,pat1-2563-02,รูป,fill,,3,0,0%,0%,🔴 ไม่เคยเห็น,-63.7 -20.9 126.87,
pat1-2563-02-q41,pat1-2563-02,รูป,fill,,25,13,52%,4%,🟢 น่าจะเห็น,-6.7 -0.8 14 62 20 40,
pat1-2563-02-q42,pat1-2563-02,รูป,fill,,12,6,50%,8%,🟢 น่าจะเห็น,-7 2.236 14 0392 -6 222,
pat1-2563-02-q45,pat1-2563-02,รูป,fill,,8,4,50%,37%,🟢 น่าจะเห็น,-3 2.5 -1.3 0.72,
pat1-2564-03-q02,pat1-2564-03,รูป,mc,0,5,3,60%,0%,🟢 น่าจะเห็น,60 36,
pat1-2564-03-q09,pat1-2564-03,รูป,mc,3,24,5,20%,4%,🟠 น่าสงสัย,-10 12.5 -11 -5.3 7.3 1565,
pat1-2564-03-q10,pat1-2564-03,รูป,mc,4,18,5,27%,16%,🟠 น่าสงสัย,-15 215 15 150 1565 66,
pat1-2564-03-q16,pat1-2564-03,รูป,mc,1,256,2,0%,0%,🔴 ไม่เคยเห็น,2.2 -2.4 2.5 0.5 1.5 -1,
pat1-2564-03-q17,pat1-2564-03,รูป,mc,4,24,3,12%,12%,🟠 น่าสงสัย,-0.4 2.3 2.1 -0.3 2.2 1.83712,
pat1-2564-03-q21,pat1-2564-03,รูป,mc,1,11,1,9%,0%,🟠 น่าสงสัย,-0.5 4.5 3.5 1.44 1.92 10,
pat1-2564-03-q22,pat1-2564-03,รูป,mc,1,25,6,24%,20%,🟠 น่าสงสัย,-3 21 8.5923 1.6 28.3923 10.3923,
pat1-2564-03-q24,pat1-2564-03,รูป,mc,4,22,2,9%,4%,🟠 น่าสงสัย,2.2 0.05 1565 1.6 3.5 -1.2,
pat1-2564-03-q25,pat1-2564-03,รูป,mc,2,36,2,5%,5%,🟠 น่าสงสัย,-8.3 8.3 -2.6 2.6 0.0166667 -0.816667,
pat1-2564-03-q30,pat1-2564-03,รูป,mc,1,6,6,100%,50%,🟢 น่าจะเห็น,,
pat1-2564-03-q32,pat1-2564-03,รูป,mc,2,40,5,12%,7%,🟠 น่าสงสัย,-11 -9 6.3 360 11 -4.763,
pat1-2564-03-q33,pat1-2564-03,รูป,mc,3,32,9,28%,9%,🟠 น่าสงสัย,-11 -9 6.3 360 11 -4.763,
pat1-2564-03-q36,pat1-2564-03,รูป,fill,,3,3,100%,33%,🟢 น่าจะเห็น,,
pat1-2564-03-q39,pat1-2564-03,รูป,fill,,19,5,26%,5%,🟠 น่าสงสัย,-4 -8 -6 1565 -4.19 2.61,
pat1-2564-03-q40,pat1-2564-03,รูป,fill,,9,4,44%,44%,🟠 น่าสงสัย,-3 3.3 2.15 0.55 8.1,
pat1-2564-03-q41,pat1-2564-03,รูป,fill,,16,9,56%,18%,🟢 น่าจะเห็น,12.5 700 400 1565 -37 -22,
pat1-2564-03-q44,pat1-2564-03,รูป,fill,,16,5,31%,12%,🟠 น่าสงสัย,11 1565 3.06 5.14 888 32,
pat1-2564-03-q45,pat1-2564-03,รูป,fill,,11,1,9%,0%,🟠 น่าสงสัย,1565 -0.95 1.59 4.8 9.8 0392,
pat1-2565-03-q01,pat1-2565-03,รูป,mc,1,8,3,37%,25%,🟠 น่าสงสัย,60 36 32 66 44,
pat1-2565-03-q06,pat1-2565-03,รูป,mc,1,12,8,66%,0%,🟢 น่าจะเห็น,60 66 44 32,
pat1-2565-03-q07,pat1-2565-03,รูป,mc,1,21,3,14%,4%,🟠 น่าสงสัย,-2.4 2.4 -0.3 2.6 30 999,
pat1-2565-03-q08,pat1-2565-03,รูป,mc,4,33,9,27%,9%,🟠 น่าสงสัย,-0.5 16.5 -0.2 3.5 2.6909 2.2627,
pat1-2565-03-q09,pat1-2565-03,รูป,mc,2,154,2,1%,0%,🟠 น่าสงสัย,-0.3 6.6 -1.6 6.5 0.0785 5.9908,
pat1-2565-03-q10,pat1-2565-03,รูป,mc,0,3,1,33%,0%,🟠 น่าสงสัย,24 -6,
pat1-2565-03-q11,pat1-2565-03,รูป,mc,4,12,4,33%,8%,🟠 น่าสงสัย,55 195 90.5 133.4 259.7 294.7,
pat1-2565-03-q16,pat1-2565-03,ตาราง,mc,3,6,4,66%,66%,🟢 น่าจะเห็น,01 07,
pat1-2565-03-q17,pat1-2565-03,ตาราง,mc,2,5,1,20%,20%,🟠 น่าสงสัย,10 -0.7 9.7 -8,
pat1-2565-03-q18,pat1-2565-03,รูป,mc,4,10,3,30%,0%,🟠 น่าสงสัย,2.23607 222 0392 -2.84284 8.87144 -3.47348,
pat1-2565-03-q19,pat1-2565-03,รูป,mc,4,16,3,18%,12%,🟠 น่าสงสัย,-1.5 8.5 -2.5 10.5 10 -90,
pat1-2565-03-q22,pat1-2565-03,ตาราง,mc,0,2,0,0%,0%,🔴 ไม่เคยเห็น,40 3.5,
pat1-2565-03-q24,pat1-2565-03,รูป,mc,1,12,2,16%,0%,🟠 น่าสงสัย,-3.5 4.3 -2.3 4.8 -3 -0.2167,
pat1-2565-03-q25,pat1-2565-03,รูป,mc,4,13,3,23%,0%,🟠 น่าสงสัย,-3.2 3.2 -3 -3.29778 2.61786 0392,
pat1-2565-03-q27,pat1-2565-03,รูป,mc,0,21,13,61%,19%,🟢 น่าจะเห็น,32 1100 250 500 750 0392,
pat1-2565-03-q28,pat1-2565-03,ตาราง,mc,2,23,9,39%,8%,🟠 น่าสงสัย,12.5 130 120 102 0392 -75,
pat1-2565-03-q30,pat1-2565-03,รูป,mc,0,65,7,10%,1%,🟠 น่าสงสัย,-90 -72 72 0392 27.7128 31.7262,
pat1-2565-03-q31,pat1-2565-03,รูป,mc,2,8,3,37%,25%,🟠 น่าสงสัย,-10 62 54 0392 222,
pat1-2565-03-q34,pat1-2565-03,ตาราง,mc,0,13,3,23%,0%,🟠 น่าสงสัย,0.8 0.02 0.21 0.31 0.69 0.79,
pat1-2565-03-q35,pat1-2565-03,ตาราง,mc,3,13,5,38%,0%,🟠 น่าสงสัย,0.8 0.21 0.31 0.69 0.79 0.84,
pat1-2565-03-q36,pat1-2565-03,รูป,fill,51,7,6,85%,57%,🟢 น่าจะเห็น,29,
pat1-2565-03-q37,pat1-2565-03,รูป,fill,5,28,2,7%,0%,🟠 น่าสงสัย,-0.5 10.5 -3.5 3.5 10 -3,
pat1-2565-03-q38,pat1-2565-03,รูป,fill,17,22,6,27%,9%,🟠 น่าสงสัย,-11 11 6.2 -6 -4 8.66025,
pat1-2565-03-q42,pat1-2565-03,รูป,fill,0.1,3,3,100%,0%,🟢 น่าจะเห็น,,
pat1-2565-03-q43,pat1-2565-03,รูป,fill,36,9,7,77%,66%,🟢 น่าจะเห็น,877 222,
pat1-2565-03-q44,pat1-2565-03,รูป,fill,2,19,8,42%,5%,🟠 น่าสงสัย,-3.2 3.2 -3.1 3.1 2.2 5.04,
pat1-2565-03-q45,pat1-2565-03,รูป,fill,18,16,3,18%,6%,🟠 น่าสงสัย,-0.6 5.6 -5 82 20 40,
samn-2555-01-q01,samn-2555-01,รูป,fill,6,4,2,50%,0%,🟢 น่าจะเห็น,60 36,
samn-2555-01-q03,samn-2555-01,รูป,fill,9,4,1,25%,0%,🟠 น่าสงสัย,215 225 30,
samn-2555-01-q04,samn-2555-01,รูป,fill,3,5,1,20%,0%,🟠 น่าสงสัย,40 150 220 330,
samn-2555-01-q09,samn-2555-01,รูป,fill,3,17,3,17%,5%,🟠 น่าสงสัย,-0.5 -2.5 11 -2.6667 2.3333 2.6667,
samn-2555-01-q10,samn-2555-01,รูป,fill,8,4,3,75%,0%,🟢 น่าจะเห็น,-0.3,
samn-2555-01-q12,samn-2555-01,รูป,mc,4,12,3,25%,0%,🟠 น่าสงสัย,-1.3 1.3 -0.866 -22 -4 -0.5,
samn-2555-01-q15,samn-2555-01,รูป,mc,2,10,3,30%,10%,🟠 น่าสงสัย,-3 11 -7 4.4721 222 0392,
samn-2555-01-q19,samn-2555-01,รูป,mc,2,5,1,20%,20%,🟠 น่าสงสัย,0.333333 60 36 11,
samn-2555-01-q22,samn-2555-01,ตาราง,mc,0,19,9,47%,5%,🟠 น่าสงสัย,0.1700 1.1 0.3643 1.2 0.3849 0.4100,
samn-2555-01-q23,samn-2555-01,รูป,mc,3,6,3,50%,0%,🟢 น่าจะเห็น,-1.5 9.9 3.6,
samn-2556-01-q01,samn-2556-01,รูป,fill,4,5,3,60%,0%,🟢 น่าจะเห็น,64 38,
samn-2556-01-q07,samn-2556-01,ตาราง,fill,0.2,19,19,100%,10%,🟢 น่าจะเห็น,,
samn-2556-01-q10,samn-2556-01,รูป,fill,12,9,4,44%,11%,🟠 น่าสงสัย,-1.8 2.6 -6 14 -95,
samn-2556-01-q11,samn-2556-01,รูป,mc,0,8,6,75%,12%,🟢 น่าจะเห็น,38 32,
samn-2556-01-q14,samn-2556-01,รูป,mc,4,12,4,33%,0%,🟠 น่าสงสัย,11 0392 -1.5 10.333 -0.84 3.88,
samn-2556-01-q21,samn-2556-01,ตาราง,mc,1,22,10,45%,4%,🟠 น่าสงสัย,0.215 0.085 0.133 0.68 0.25 0.99,
samn-2556-01-q27,samn-2556-01,รูป,mc,3,14,1,7%,0%,🟠 น่าสงสัย,-2.5 10.5 -3.6 3.6 2.2361 0392,
samn-2556-01-q30,samn-2556-01,รูป,mc,2,6,2,33%,0%,🟠 น่าสงสัย,4.3 1.55 -0.25 -0.2,
samn-2557-01-q07,samn-2557-01,ตาราง,fill,15.42,8,8,100%,0%,🟢 น่าจะเห็น,,
samn-2557-01-q12,samn-2557-01,รูป,mc,4,13,2,15%,0%,🟠 น่าสงสัย,-1.8 1.8 1.366 0.366 0392 -22,"$z_1,z_2,z_3$ เป็นรากที่ 3 ของจำนวนเชิงซ้อนตัวหนึ่งตัวเดียวกัน โดย $z_1=\sqrt2(\cos15^\circ+i\sin15^\circ)$"
samn-2557-01-q16,samn-2557-01,รูป,mc,1,24,3,12%,4%,🟠 น่าสงสัย,24 9.5 -2.8 6.8 1565 -1.8,ไฮเพอร์โบลา $\dfrac{x^2}{9}-\dfrac{(y-2)^2}{16}=1$ และ $F$ เป็นโฟกัสที่อยู่ในควอดรันต์ที่ 1
samn-2557-01-q20,samn-2557-01,ตาราง,mc,3,17,17,100%,17%,🟢 น่าจะเห็น,,
samn-2557-01-q21,samn-2557-01,รูป,mc,0,5,1,20%,20%,🟠 น่าสงสัย,30 -0.5 10.5 32,"$S=\{1,2,3,\dots,10\}$, $M=\{(x,y)\mid x,y\in S\}$ สุ่มหยิบคู่อันดับ $(x,y)$ จาก M มา 1 คู่"
samn-2557-01-q22,samn-2557-01,ตาราง,mc,0,18,9,50%,5%,🟢 น่าจะเห็น,0.0398 0.1554 0.3413 -3.2 3.2 0.06,
samn-2557-01-q24,samn-2557-01,รูป,mc,1,6,0,0%,0%,🔴 ไม่เคยเห็น,62 40 -1.5 32 0392 222,
samn-2557-01-q30,samn-2557-01,รูป,mc,3,10,7,70%,0%,🟢 น่าจะเห็น,40 20 71,
samn-2558-01-q03,samn-2558-01,รูป,fill,0.8,7,3,42%,14%,🟠 น่าสงสัย,11 360 1565 -7,
samn-2558-01-q12,samn-2558-01,รูป,mc,3,7,5,71%,0%,🟢 น่าจะเห็น,62 38,
samn-2558-01-q13,samn-2558-01,รูป,mc,2,27,3,11%,0%,🟠 น่าสงสัย,-1.4 1.4 0.866 0.5 -0.5 -0.866,
samn-2558-01-q15,samn-2558-01,รูป,mc,4,13,1,7%,0%,🟠 น่าสงสัย,-6 -3.4 3.4 2.82843 1.41421 -1.6,
samn-2558-01-q16,samn-2558-01,รูป,mc,0,5,1,20%,0%,🟠 น่าสงสัย,70 220 160 70.3,
samn-2558-01-q21,samn-2558-01,ตาราง,mc,1,19,7,36%,0%,🟠 น่าสงสัย,1.44 0.4251 1.7 0.4554 2.44 0.4927,
samn-2558-01-q22,samn-2558-01,รูป,mc,0,10,5,50%,30%,🟢 น่าจะเห็น,7.3333 74 50 222 11,
samn-2558-01-q27,samn-2558-01,รูป,mc,0,12,0,0%,0%,🔴 ไม่เคยเห็น,-2.3 2.3 -0.5 2.5 1.41421 1.35,
samn-2558-12-q01,samn-2558-12,รูป,mc,2,6,4,66%,0%,🟢 น่าจะเห็น,1.63636 60,
samn-2558-12-q05,samn-2558-12,รูป,mc,2,3,0,0%,0%,🔴 ไม่เคยเห็น,60 36 11,
samn-2558-12-q06,samn-2558-12,รูป,mc,3,5,0,0%,0%,🔴 ไม่เคยเห็น,75 40 190 275 48,
samn-2558-12-q07,samn-2558-12,ตาราง,mc,0,12,12,100%,0%,🟢 น่าจะเห็น,,
samn-2558-12-q10,samn-2558-12,รูป,mc,0,10,6,60%,20%,🟢 น่าจะเห็น,-5.5 4.5 14 -78,
samn-2558-12-q11,samn-2558-12,รูป,mc,1,11,3,27%,0%,🟠 น่าสงสัย,-2.5 2.5 1.732 0392 -26 -1.732,
samn-2558-12-q13,samn-2558-12,รูป,mc,0,3,1,33%,0%,🟠 น่าสงสัย,60 36,
samn-2558-12-q14,samn-2558-12,รูป,mc,1,8,3,37%,25%,🟠 น่าสงสัย,190 118 158 325 36,
samn-2558-12-q16,samn-2558-12,รูป,mc,0,18,4,22%,5%,🟠 น่าสงสัย,-3 9.5 1.6 7.2 0.45 3.55,
samn-2558-12-q22,samn-2558-12,ตาราง,mc,2,12,7,58%,16%,🟢 น่าจะเห็น,0.066 0.13 0.25 -2.2 2.2,
samn-2558-12-q25,samn-2558-12,รูป,mc,4,9,4,44%,11%,🟠 น่าสงสัย,-1.5 3.5 10 -1.2 16,
samn-2559-12-q05,samn-2559-12,รูป,mc,3,15,2,13%,6%,🟠 น่าสงสัย,30 -6 11 4.5 -4 -2.5,"จุด $(6, 4)$ อยู่บนวงกลม $C$ และเส้นผ่านศูนย์กลางสองเส้นของวงกลม $C$ คือส่วนของเส้นตรง $2x + y = 5$ และ $x + 3y = 10$"
samn-2559-12-q07,samn-2559-12,ตาราง,mc,1,6,6,100%,0%,🟢 น่าจะเห็น,,
samn-2559-12-q12,samn-2559-12,รูป,mc,1,12,9,75%,8%,🟢 น่าจะเห็น,62 38 32,"$A=\{x\mid x$ เป็นจำนวนเต็มที่อยู่ในช่วง $[-10,10]\}$ และ $B=\{x\mid (x+5)(|x|-5)\ge-9\}$"
samn-2559-12-q14,samn-2559-12,รูป,mc,1,13,4,30%,7%,🟠 น่าสงสัย,-14 -10 3.4641 4.89898 -1.3 1.3,"ไฮเพอร์โบลามีโฟกัสที่จุด $(-7, 1)$ และ $(5, 1)$ และมีเส้นกำกับเส้นหนึ่งขนานกับเส้นตรง $\sqrt{2}\,x - y + 5 = 0$"
samn-2559-12-q15,samn-2559-12,รูป,mc,0,8,1,12%,12%,🟠 น่าสงสัย,80 235 145 210 70 320,
samn-2559-12-q21,samn-2559-12,รูป,mc,0,12,4,33%,0%,🟠 น่าสงสัย,-3.4 3.4 -0.25 -2.6 2.6 -1.9,คะแนนสอบมีการแจกแจงปกติ ค่าเฉลี่ยเลขคณิต $\mu=60$ ส่วนเบี่ยงเบนมาตรฐาน $\sigma=10$ และนักเรียนที่สอบได้คะแนนน้อยกว่า $70
samn-2559-12-q22,samn-2559-12,ตาราง,mc,0,9,9,100%,0%,🟢 น่าจะเห็น,,
samn-2559-12-q23,samn-2559-12,รูป,mc,2,17,2,11%,0%,🟠 น่าสงสัย,-1.2 -2.6 5.5 -1.5 -0.25 3.25,
samn-2561-03-q07,samn-2561-03,ตาราง,mc,0,1,1,100%,100%,🔵 โจทย์มีเลขครบ,,
samn-2561-03-q09,samn-2561-03,รูป,mc,2,11,1,9%,0%,🟠 น่าสงสัย,2.6 2.3 -1.5 4.5 0.453 2.688,
samn-2561-03-q11,samn-2561-03,รูป,mc,1,8,6,75%,0%,🟢 น่าจะเห็น,64 40,
samn-2561-03-q14,samn-2561-03,รูป,mc,4,10,2,20%,10%,🟠 น่าสงสัย,-8 -4.5 8.5 1565 -6 0392,
samn-2561-03-q22,samn-2561-03,รูป,mc,4,19,2,10%,10%,🟠 น่าสงสัย,-2.6 2.6 -10.5 1.5 1.6 -3.5,
samn-2561-03-q28,samn-2561-03,รูป,mc,1,14,1,7%,0%,🟠 น่าสงสัย,-1.6 3.6 -2.6 1.9 2.55 1.3,
samn-2562-03-q04,samn-2562-03,รูป,mc,0,12,0,0%,0%,🔴 ไม่เคยเห็น,225 82.5 427.5 45 255 408,
samn-2562-03-q14,samn-2562-03,รูป,mc,2,7,2,28%,14%,🟠 น่าสงสัย,80 145 59 232 40,
samn-2562-03-q15,samn-2562-03,รูป,mc,1,9,2,22%,0%,🟠 น่าสงสัย,6.5 6.3 4.725 0392 555 222,
samn-2562-03-q22,samn-2562-03,รูป,mc,1,13,1,7%,0%,🟠 น่าสงสัย,-1.6 2.3 5.5 -1.2 1.3 -0.9,
samn-2562-03-q24,samn-2562-03,ตาราง,mc,2,26,7,26%,15%,🟠 น่าสงสัย,0.29 0.41 0.1141 0.1591 0.3413 0.3849,
samn-2562-03-q26,samn-2562-03,รูป,mc,2,5,1,20%,0%,🟠 น่าสงสัย,3.58579 4.41421 98 0392,
samn-2562-03-q27,samn-2562-03,รูป,mc,4,11,2,18%,9%,🟠 น่าสงสัย,-1.55 1.55 0.74 0.84 2185 17,
samn-2562-03-q29,samn-2562-03,รูป,mc,0,18,4,22%,0%,🟠 น่าสงสัย,-0.6 -0.5 3.3 1.3066 0.5412 1.1481,
samn-2563-03-q03,samn-2563-03,รูป,mc,1,23,3,13%,0%,🟠 น่าสงสัย,1.5 -1.5 -3.5 0.4 5.8 1565,
samn-2563-03-q09,samn-2563-03,ตาราง,mc,3,16,14,87%,6%,🟢 น่าจะเห็น,170 174,
samn-2563-03-q11,samn-2563-03,รูป,mc,4,4,2,50%,0%,🟢 น่าจะเห็น,60 38,
samn-2563-03-q15,samn-2563-03,รูป,mc,1,19,2,10%,0%,🟠 น่าสงสัย,8.6 -3.7 3.7 2.6458 0392 2.2361,
samn-2563-03-q16,samn-2563-03,รูป,mc,3,4,2,50%,0%,🟢 น่าจะเห็น,195 290,
samn-2563-03-q21,samn-2563-03,รูป,mc,2,6,1,16%,16%,🟠 น่าสงสัย,66 44 32 0392 1565,
samn-2563-03-q22,samn-2563-03,รูป,mc,4,18,4,22%,5%,🟠 น่าสงสัย,-1.2 1.2 -10.5 -0.78 0.78 888,
samn-2563-03-q24,samn-2563-03,รูป,mc,2,30,14,46%,10%,🟠 น่าสงสัย,-1.5 65 -2.7 -1.9 0.92 1.6,
samn-2563-03-q26,samn-2563-03,รูป,mc,4,14,5,35%,0%,🟠 น่าสงสัย,-2.1 2.4 -2.9 2.9 2185 -6,
samn-2564-04-q03,samn-2564-04,รูป,mc,2,4,2,50%,0%,🟢 น่าจะเห็น,62 40,
samn-2564-04-q04,samn-2564-04,ตาราง,mc,1,4,3,75%,0%,🟢 น่าจะเห็น,0.80,
samn-2564-04-q06,samn-2564-04,รูป,mc,4,4,2,50%,0%,🟢 น่าจะเห็น,62 11,
samn-2564-04-q11,samn-2564-04,รูป,mc,4,21,7,33%,0%,🟠 น่าสงสัย,-2.6 2.6 -1 999 1.8794 0.684,
samn-2564-04-q13,samn-2564-04,รูป,mc,1,15,9,60%,6%,🟢 น่าจะเห็น,-4 1.81 9.208 -9 -27 -11,
samn-2564-04-q14,samn-2564-04,รูป,mc,4,19,8,42%,10%,🟠 น่าสงสัย,-11 -8 -7 -1.3 1.3 73,
samn-2564-04-q22,samn-2564-04,รูป,mc,3,15,3,20%,6%,🟠 น่าสงสัย,-2.4 2.4 -2.5 8.5 73 -2.3,
samn-2564-04-q23,samn-2564-04,รูป,mc,0,9,0,0%,0%,🔴 ไม่เคยเห็น,70 2.61799 -8 0.18 0.58 1.5,
samn-2564-04-q26,samn-2564-04,รูป,fill,81,7,1,14%,0%,🟠 น่าสงสัย,60 275 300 35 98 0.5,
samn-2565-03-q06,samn-2565-03,รูป,mc,0,8,3,37%,0%,🟠 น่าสงสัย,145 110 11 73 32,
samn-2565-03-q09,samn-2565-03,รูป,mc,4,4,1,25%,0%,🟠 น่าสงสัย,-4 16 -20,
samn-2565-03-q15,samn-2565-03,รูป,mc,4,16,5,31%,0%,🟠 น่าสงสัย,-6 -46 36 73 25.94 -41.22,
samn-2565-03-q16,samn-2565-03,รูป,mc,3,28,10,35%,7%,🟠 น่าสงสัย,-42 42 -37 37 24.4949 360,
samn-2565-03-q20,samn-2565-03,ตาราง,mc,2,12,6,50%,16%,🟢 น่าจะเห็น,0.3264 0.3707 0.6293 0.6700 0.6736 0.8289,
samn-2565-03-q25,samn-2565-03,รูป,mc,1,9,2,22%,0%,🟠 น่าสงสัย,-2.6 3.6 73 -2.4 3.4 0.411,
samn-2565-03-q26,samn-2565-03,รูป,fill,16,499,2,0%,0%,🔴 ไม่เคยเห็น,9.4248 -1.3 1.3 -1 -0.75 0.75,
samn-2565-03-q29,samn-2565-03,รูป,fill,16,16,2,12%,12%,🟠 น่าสงสัย,-5.6 -1.5 10.5 -3 73 -3.8,
